sensor:model,sensor:package,sensor:capability,sensor:units
AirBeam2-F,AirBeam2:00189610714D,Temperature,degrees Fahrenheit
Timestamp,geo:lat,geo:long,Value
2018-03-28T14:05:05.000+01:00,51.5185692,-0.0134867,73
2018-03-28T14:05:06.000+01:00,51.5185692,-0.0134867,72
2018-03-28T14:05:06.000+01:00,51.5185692,-0.0134867,72
2018-03-28T14:05:07.000+01:00,51.5185692,-0.0134867,72
2018-03-28T14:05:08.000+01:00,51.5185692,-0.0134867,72
2018-03-28T14:05:09.000+01:00,51.5185692,-0.0134867,73
2018-03-28T14:05:10.000+01:00,51.5185692,-0.0134867,72
2018-03-28T14:05:12.000+01:00,51.5185692,-0.0134867,72
2018-03-28T14:05:12.000+01:00,51.5185692,-0.0134867,72
2018-03-28T14:05:13.000+01:00,51.5185692,-0.0134867,73
2018-03-28T14:05:14.000+01:00,51.5185692,-0.0134867,72
2018-03-28T14:05:16.000+01:00,51.5185692,-0.0134867,73
2018-03-28T14:05:16.000+01:00,51.5185692,-0.0134867,72
2018-03-28T14:05:17.000+01:00,51.5186713,-0.0131822,72
2018-03-28T14:05:18.000+01:00,51.5186713,-0.0131822,73
2018-03-28T14:05:19.000+01:00,51.5186713,-0.0131822,72
2018-03-28T14:05:21.000+01:00,51.5186713,-0.0131822,73
2018-03-28T14:05:22.000+01:00,51.5186713,-0.0131822,73
2018-03-28T14:05:22.000+01:00,51.5186713,-0.0131822,72
2018-03-28T14:05:23.000+01:00,51.5186713,-0.0131822,73
2018-03-28T14:05:25.000+01:00,51.5186713,-0.0131822,73
2018-03-28T14:05:26.000+01:00,51.5186713,-0.0131822,73
2018-03-28T14:05:26.000+01:00,51.5186713,-0.0131822,73
2018-03-28T14:05:28.000+01:00,51.5186713,-0.0131822,72
2018-03-28T14:05:29.000+01:00,51.5186713,-0.0131822,72
2018-03-28T14:05:29.000+01:00,51.5186713,-0.0131822,73
2018-03-28T14:05:30.000+01:00,51.5186713,-0.0131822,72
2018-03-28T14:05:31.000+01:00,51.5186713,-0.0131822,73
2018-03-28T14:05:33.000+01:00,51.5186713,-0.0131822,72
2018-03-28T14:05:34.000+01:00,51.5186713,-0.0131822,72
2018-03-28T14:05:34.000+01:00,51.5186713,-0.0131822,72
2018-03-28T14:05:36.000+01:00,51.5186713,-0.0131822,72
2018-03-28T14:05:37.000+01:00,51.5186713,-0.0131822,72
2018-03-28T14:05:38.000+01:00,51.5186713,-0.0131822,72
2018-03-28T14:05:38.000+01:00,51.5186713,-0.0131822,72
2018-03-28T14:05:40.000+01:00,51.5186713,-0.0131822,73
2018-03-28T14:05:40.000+01:00,51.5186713,-0.0131822,72
2018-03-28T14:05:42.000+01:00,51.5186713,-0.0131822,73
2018-03-28T14:05:42.000+01:00,51.5186713,-0.0131822,72
2018-03-28T14:05:44.000+01:00,51.5186713,-0.0131822,73
2018-03-28T14:05:44.000+01:00,51.5186713,-0.0131822,73
2018-03-28T14:05:46.000+01:00,51.5186713,-0.0131822,73
2018-03-28T14:05:46.000+01:00,51.5186713,-0.0131822,74
2018-03-28T14:05:47.000+01:00,51.5186713,-0.0131822,72
2018-03-28T14:05:49.000+01:00,51.5186713,-0.0131822,73
2018-03-28T14:05:50.000+01:00,51.5186713,-0.0131822,73
2018-03-28T14:05:51.000+01:00,51.5186713,-0.0131822,73
2018-03-28T14:05:52.000+01:00,51.5186713,-0.0131822,72
2018-03-28T14:05:53.000+01:00,51.5186713,-0.0131822,73
2018-03-28T14:05:54.000+01:00,51.5186713,-0.0131822,72
2018-03-28T14:05:54.000+01:00,51.5186713,-0.0131822,73
2018-03-28T14:05:55.000+01:00,51.5186713,-0.0131822,73
2018-03-28T14:05:57.000+01:00,51.5186713,-0.0131822,72
2018-03-28T14:05:58.000+01:00,51.518593,-0.013029,73
2018-03-28T14:05:58.000+01:00,51.518593,-0.013029,72
2018-03-28T14:05:59.000+01:00,51.518593,-0.013029,73
2018-03-28T14:06:01.000+01:00,51.518593,-0.013029,73
2018-03-28T14:06:02.000+01:00,51.518593,-0.013029,73
2018-03-28T14:06:02.000+01:00,51.518593,-0.013029,72
2018-03-28T14:06:03.000+01:00,51.518593,-0.013029,72
2018-03-28T14:06:04.000+01:00,51.518593,-0.013029,73
2018-03-28T14:06:06.000+01:00,51.518593,-0.013029,72
2018-03-28T14:06:07.000+01:00,51.518593,-0.013029,73
2018-03-28T14:06:08.000+01:00,51.518593,-0.013029,73
2018-03-28T14:06:09.000+01:00,51.518593,-0.013029,73
2018-03-28T14:06:10.000+01:00,51.518593,-0.013029,73
2018-03-28T14:06:11.000+01:00,51.518593,-0.013029,72
2018-03-28T14:06:12.000+01:00,51.518593,-0.013029,73
2018-03-28T14:06:12.000+01:00,51.518593,-0.013029,73
2018-03-28T14:06:13.000+01:00,51.518593,-0.013029,73
2018-03-28T14:06:15.000+01:00,51.518593,-0.013029,73
2018-03-28T14:06:16.000+01:00,51.518593,-0.013029,72
2018-03-28T14:06:17.000+01:00,51.518593,-0.013029,72
2018-03-28T14:06:17.000+01:00,51.5185805,-0.0130979,72
2018-03-28T14:06:19.000+01:00,51.5185805,-0.0130979,72
2018-03-28T14:06:20.000+01:00,51.5185805,-0.0130979,73
2018-03-28T14:06:20.000+01:00,51.5185805,-0.0130979,73
2018-03-28T14:06:22.000+01:00,51.5185805,-0.0130979,72
2018-03-28T14:06:23.000+01:00,51.5185805,-0.0130979,73
2018-03-28T14:06:23.000+01:00,51.5185805,-0.0130979,72
2018-03-28T14:06:25.000+01:00,51.5185805,-0.0130979,71
2018-03-28T14:06:26.000+01:00,51.5185805,-0.0130979,72
2018-03-28T14:06:26.000+01:00,51.5185805,-0.0130979,72
2018-03-28T14:06:28.000+01:00,51.5185805,-0.0130979,73
2018-03-28T14:06:29.000+01:00,51.5185805,-0.0130979,73
2018-03-28T14:06:29.000+01:00,51.5185805,-0.0130979,72
2018-03-28T14:06:31.000+01:00,51.5185805,-0.0130979,73
2018-03-28T14:06:32.000+01:00,51.5185805,-0.0130979,72
2018-03-28T14:06:32.000+01:00,51.5185805,-0.0130979,73
2018-03-28T14:06:34.000+01:00,51.5185805,-0.0130979,72
2018-03-28T14:06:35.000+01:00,51.5185805,-0.0130979,73
2018-03-28T14:06:35.000+01:00,51.5185805,-0.0130979,73
2018-03-28T14:06:36.000+01:00,51.5185805,-0.0130979,72
2018-03-28T14:06:37.000+01:00,51.5185936,-0.0129882,72
2018-03-28T14:06:39.000+01:00,51.5185936,-0.0129882,72
2018-03-28T14:06:40.000+01:00,51.5185936,-0.0129882,72
2018-03-28T14:06:40.000+01:00,51.5185936,-0.0129882,72
2018-03-28T14:06:42.000+01:00,51.5185936,-0.0129882,72
2018-03-28T14:06:42.000+01:00,51.5185936,-0.0129882,72
2018-03-28T14:06:43.000+01:00,51.5185936,-0.0129882,72
2018-03-28T14:06:44.000+01:00,51.5185936,-0.0129882,72
2018-03-28T14:06:45.000+01:00,51.5185936,-0.0129882,72
2018-03-28T14:06:46.000+01:00,51.5185936,-0.0129882,72
2018-03-28T14:06:48.000+01:00,51.5185936,-0.0129882,72
2018-03-28T14:06:49.000+01:00,51.5185936,-0.0129882,72
2018-03-28T14:06:50.000+01:00,51.5185936,-0.0129882,72
2018-03-28T14:06:51.000+01:00,51.5185936,-0.0129882,72
2018-03-28T14:06:52.000+01:00,51.5185936,-0.0129882,72
2018-03-28T14:06:52.000+01:00,51.5185936,-0.0129882,72
2018-03-28T14:06:54.000+01:00,51.5185936,-0.0129882,72
2018-03-28T14:06:55.000+01:00,51.5185936,-0.0129882,72
2018-03-28T14:06:56.000+01:00,51.5185936,-0.0129882,73
2018-03-28T14:06:56.000+01:00,51.5185936,-0.0129882,72
2018-03-28T14:06:57.000+01:00,51.5185992,-0.013018,72
2018-03-28T14:06:59.000+01:00,51.5185992,-0.013018,71
2018-03-28T14:06:59.000+01:00,51.5185992,-0.013018,72
2018-03-28T14:07:00.000+01:00,51.5185992,-0.013018,72
2018-03-28T14:07:01.000+01:00,51.5185992,-0.013018,72
2018-03-28T14:07:03.000+01:00,51.5185992,-0.013018,72
2018-03-28T14:07:04.000+01:00,51.5185992,-0.013018,72
2018-03-28T14:07:04.000+01:00,51.5185992,-0.013018,72
2018-03-28T14:07:06.000+01:00,51.5185992,-0.013018,72
2018-03-28T14:07:07.000+01:00,51.5185992,-0.013018,72
2018-03-28T14:07:08.000+01:00,51.5185992,-0.013018,72
2018-03-28T14:07:09.000+01:00,51.5185992,-0.013018,72
2018-03-28T14:07:09.000+01:00,51.5185992,-0.013018,72
2018-03-28T14:07:10.000+01:00,51.5185992,-0.013018,72
2018-03-28T14:07:12.000+01:00,51.5185992,-0.013018,71
2018-03-28T14:07:13.000+01:00,51.5185992,-0.013018,71
2018-03-28T14:07:14.000+01:00,51.5185992,-0.013018,73
2018-03-28T14:07:15.000+01:00,51.5185992,-0.013018,71
2018-03-28T14:07:16.000+01:00,51.5185992,-0.013018,73
2018-03-28T14:07:16.000+01:00,51.5185992,-0.013018,72
2018-03-28T14:07:18.000+01:00,51.5185943,-0.0130864,73
2018-03-28T14:07:19.000+01:00,51.5185943,-0.0130864,72
2018-03-28T14:07:19.000+01:00,51.5185943,-0.0130864,72
2018-03-28T14:07:21.000+01:00,51.5185943,-0.0130864,73
2018-03-28T14:07:21.000+01:00,51.5185943,-0.0130864,73
2018-03-28T14:07:23.000+01:00,51.5185943,-0.0130864,72
2018-03-28T14:07:24.000+01:00,51.5185943,-0.0130864,72
2018-03-28T14:07:24.000+01:00,51.5185943,-0.0130864,72
2018-03-28T14:07:26.000+01:00,51.5185943,-0.0130864,71
2018-03-28T14:07:26.000+01:00,51.5185943,-0.0130864,72
2018-03-28T14:07:27.000+01:00,51.5185943,-0.0130864,71
2018-03-28T14:07:29.000+01:00,51.5185943,-0.0130864,71
2018-03-28T14:07:30.000+01:00,51.5185943,-0.0130864,71
2018-03-28T14:07:30.000+01:00,51.5185943,-0.0130864,72
2018-03-28T14:07:32.000+01:00,51.5185943,-0.0130864,72
2018-03-28T14:07:33.000+01:00,51.5185943,-0.0130864,71
2018-03-28T14:07:33.000+01:00,51.5185943,-0.0130864,72
2018-03-28T14:07:34.000+01:00,51.5185943,-0.0130864,72
2018-03-28T14:07:36.000+01:00,51.5185943,-0.0130864,71
2018-03-28T14:07:37.000+01:00,51.5185943,-0.0130864,72
2018-03-28T14:07:37.000+01:00,51.5186067,-0.0130868,72
2018-03-28T14:07:38.000+01:00,51.5186067,-0.0130868,71
2018-03-28T14:07:40.000+01:00,51.5186067,-0.0130868,72
2018-03-28T14:07:41.000+01:00,51.5186067,-0.0130868,72
2018-03-28T14:07:41.000+01:00,51.5186067,-0.0130868,71
2018-03-28T14:07:42.000+01:00,51.5186067,-0.0130868,71
2018-03-28T14:07:43.000+01:00,51.5186067,-0.0130868,72
2018-03-28T14:07:45.000+01:00,51.5186067,-0.0130868,72
2018-03-28T14:07:45.000+01:00,51.5186067,-0.0130868,71
2018-03-28T14:07:46.000+01:00,51.5186067,-0.0130868,71
2018-03-28T14:07:47.000+01:00,51.5186067,-0.0130868,71
2018-03-28T14:07:48.000+01:00,51.5186067,-0.0130868,72
2018-03-28T14:07:50.000+01:00,51.5186067,-0.0130868,71
2018-03-28T14:07:50.000+01:00,51.5186067,-0.0130868,71
2018-03-28T14:07:51.000+01:00,51.5186067,-0.0130868,71
2018-03-28T14:07:52.000+01:00,51.5186067,-0.0130868,72
2018-03-28T14:07:53.000+01:00,51.5186067,-0.0130868,72
2018-03-28T14:07:54.000+01:00,51.5186067,-0.0130868,72
2018-03-28T14:07:56.000+01:00,51.5186067,-0.0130868,71
2018-03-28T14:07:57.000+01:00,51.5186067,-0.0130868,72
2018-03-28T14:07:57.000+01:00,51.5185404,-0.0128972,72
2018-03-28T14:07:58.000+01:00,51.5185404,-0.0128972,71
2018-03-28T14:08:00.000+01:00,51.5185404,-0.0128972,72
2018-03-28T14:08:00.000+01:00,51.5185404,-0.0128972,71
2018-03-28T14:08:02.000+01:00,51.5185404,-0.0128972,72
2018-03-28T14:08:02.000+01:00,51.5185404,-0.0128972,71
2018-03-28T14:08:04.000+01:00,51.5185404,-0.0128972,71
2018-03-28T14:08:05.000+01:00,51.5185404,-0.0128972,71
2018-03-28T14:08:05.000+01:00,51.5185404,-0.0128972,71
2018-03-28T14:08:07.000+01:00,51.5185404,-0.0128972,71
2018-03-28T14:08:07.000+01:00,51.5185404,-0.0128972,71
2018-03-28T14:08:08.000+01:00,51.5185404,-0.0128972,72
2018-03-28T14:08:09.000+01:00,51.5185404,-0.0128972,72
2018-03-28T14:08:10.000+01:00,51.5185404,-0.0128972,71
2018-03-28T14:08:11.000+01:00,51.5185404,-0.0128972,72
2018-03-28T14:08:12.000+01:00,51.5185404,-0.0128972,71
2018-03-28T14:08:13.000+01:00,51.5185404,-0.0128972,72
2018-03-28T14:08:14.000+01:00,51.5185404,-0.0128972,72
2018-03-28T14:08:16.000+01:00,51.5185404,-0.0128972,71
2018-03-28T14:08:16.000+01:00,51.5185404,-0.0128972,72
2018-03-28T14:08:18.000+01:00,51.518894,-0.0124655,71
2018-03-28T14:08:18.000+01:00,51.518894,-0.0124655,71
2018-03-28T14:08:19.000+01:00,51.518894,-0.0124655,71
2018-03-28T14:08:20.000+01:00,51.518894,-0.0124655,71
2018-03-28T14:08:22.000+01:00,51.518894,-0.0124655,70
2018-03-28T14:08:23.000+01:00,51.518894,-0.0124655,70
2018-03-28T14:08:23.000+01:00,51.518894,-0.0124655,70
2018-03-28T14:08:24.000+01:00,51.518894,-0.0124655,72
2018-03-28T14:08:26.000+01:00,51.518894,-0.0124655,71
2018-03-28T14:08:26.000+01:00,51.518894,-0.0124655,71
2018-03-28T14:08:27.000+01:00,51.518894,-0.0124655,72
2018-03-28T14:08:29.000+01:00,51.518894,-0.0124655,71
2018-03-28T14:08:29.000+01:00,51.518894,-0.0124655,71
2018-03-28T14:08:31.000+01:00,51.518894,-0.0124655,71
2018-03-28T14:08:32.000+01:00,51.518894,-0.0124655,71
2018-03-28T14:08:33.000+01:00,51.518894,-0.0124655,70
2018-03-28T14:08:34.000+01:00,51.518894,-0.0124655,71
2018-03-28T14:08:34.000+01:00,51.518894,-0.0124655,71
2018-03-28T14:08:35.000+01:00,51.518894,-0.0124655,71
2018-03-28T14:08:36.000+01:00,51.518894,-0.0124655,70
2018-03-28T14:08:37.000+01:00,51.518894,-0.0124655,71
2018-03-28T14:08:38.000+01:00,51.518894,-0.0124655,71
2018-03-28T14:08:39.000+01:00,51.518894,-0.0124655,71
2018-03-28T14:08:41.000+01:00,51.518894,-0.0124655,71
2018-03-28T14:08:41.000+01:00,51.518894,-0.0124655,71
2018-03-28T14:08:42.000+01:00,51.518894,-0.0124655,72
2018-03-28T14:08:43.000+01:00,51.518894,-0.0124655,70
2018-03-28T14:08:45.000+01:00,51.518894,-0.0124655,71
2018-03-28T14:08:46.000+01:00,51.518894,-0.0124655,71
2018-03-28T14:08:46.000+01:00,51.518894,-0.0124655,71
2018-03-28T14:08:48.000+01:00,51.518894,-0.0124655,71
2018-03-28T14:08:49.000+01:00,51.518894,-0.0124655,71
2018-03-28T14:08:49.000+01:00,51.518894,-0.0124655,71
2018-03-28T14:08:51.000+01:00,51.518894,-0.0124655,71
2018-03-28T14:08:51.000+01:00,51.518894,-0.0124655,71
2018-03-28T14:08:52.000+01:00,51.518894,-0.0124655,71
2018-03-28T14:08:54.000+01:00,51.518894,-0.0124655,71
2018-03-28T14:08:54.000+01:00,51.518894,-0.0124655,71
2018-03-28T14:08:56.000+01:00,51.518894,-0.0124655,70
2018-03-28T14:08:56.000+01:00,51.518894,-0.0124655,71
2018-03-28T14:08:57.000+01:00,51.518894,-0.0124655,71
2018-03-28T14:08:58.000+01:00,51.5188607,-0.0124545,71
2018-03-28T14:08:59.000+01:00,51.5188607,-0.0124545,71
2018-03-28T14:09:00.000+01:00,51.5188607,-0.0124545,71
2018-03-28T14:09:02.000+01:00,51.5188607,-0.0124545,71
2018-03-28T14:09:02.000+01:00,51.5188607,-0.0124545,71
2018-03-28T14:09:03.000+01:00,51.5188607,-0.0124545,71
2018-03-28T14:09:05.000+01:00,51.5188607,-0.0124545,71
2018-03-28T14:09:05.000+01:00,51.5188607,-0.0124545,71
2018-03-28T14:09:06.000+01:00,51.5188607,-0.0124545,71
2018-03-28T14:09:08.000+01:00,51.5188607,-0.0124545,71
2018-03-28T14:09:08.000+01:00,51.5188607,-0.0124545,70
2018-03-28T14:09:09.000+01:00,51.5188607,-0.0124545,71
2018-03-28T14:09:10.000+01:00,51.5188607,-0.0124545,70
2018-03-28T14:09:11.000+01:00,51.5188607,-0.0124545,70
2018-03-28T14:09:12.000+01:00,51.5188607,-0.0124545,71
2018-03-28T14:09:14.000+01:00,51.5188607,-0.0124545,70
2018-03-28T14:09:14.000+01:00,51.5188607,-0.0124545,71
2018-03-28T14:09:15.000+01:00,51.5188607,-0.0124545,70
2018-03-28T14:09:16.000+01:00,51.5188607,-0.0124545,71
2018-03-28T14:09:18.000+01:00,51.5188607,-0.0124545,70
2018-03-28T14:09:18.000+01:00,51.5189284,-0.0123695,70
2018-03-28T14:09:20.000+01:00,51.5189284,-0.0123695,71
2018-03-28T14:09:20.000+01:00,51.5189284,-0.0123695,70
2018-03-28T14:09:21.000+01:00,51.5189284,-0.0123695,70
2018-03-28T14:09:22.000+01:00,51.5189284,-0.0123695,70
2018-03-28T14:09:24.000+01:00,51.5189284,-0.0123695,70
2018-03-28T14:09:24.000+01:00,51.5189284,-0.0123695,70
2018-03-28T14:09:25.000+01:00,51.5189284,-0.0123695,70
2018-03-28T14:09:27.000+01:00,51.5189284,-0.0123695,71
2018-03-28T14:09:28.000+01:00,51.5189284,-0.0123695,70
2018-03-28T14:09:28.000+01:00,51.5189284,-0.0123695,71
2018-03-28T14:09:29.000+01:00,51.5189284,-0.0123695,70
2018-03-28T14:09:30.000+01:00,51.5189284,-0.0123695,70
2018-03-28T14:09:32.000+01:00,51.5189284,-0.0123695,70
2018-03-28T14:09:33.000+01:00,51.5189284,-0.0123695,71
2018-03-28T14:09:34.000+01:00,51.5189284,-0.0123695,71
2018-03-28T14:09:35.000+01:00,51.5189284,-0.0123695,71
2018-03-28T14:09:35.000+01:00,51.5189284,-0.0123695,70
2018-03-28T14:09:37.000+01:00,51.5189284,-0.0123695,70
2018-03-28T14:09:38.000+01:00,51.5189284,-0.0123695,71
2018-03-28T14:09:38.000+01:00,51.5190413,-0.011986,70
2018-03-28T14:09:39.000+01:00,51.5190413,-0.011986,70
2018-03-28T14:09:40.000+01:00,51.5190413,-0.011986,71
2018-03-28T14:09:41.000+01:00,51.5190413,-0.011986,70
2018-03-28T14:09:42.000+01:00,51.5190413,-0.011986,70
2018-03-28T14:09:43.000+01:00,51.5190413,-0.011986,70
2018-03-28T14:09:45.000+01:00,51.5190413,-0.011986,70
2018-03-28T14:09:45.000+01:00,51.5190413,-0.011986,70
2018-03-28T14:09:47.000+01:00,51.5190413,-0.011986,71
2018-03-28T14:09:48.000+01:00,51.5190413,-0.011986,70
2018-03-28T14:09:48.000+01:00,51.5190413,-0.011986,70
2018-03-28T14:09:49.000+01:00,51.5190413,-0.011986,70
2018-03-28T14:09:50.000+01:00,51.5190413,-0.011986,70
2018-03-28T14:09:51.000+01:00,51.5190413,-0.011986,70
2018-03-28T14:09:52.000+01:00,51.5190413,-0.011986,70
2018-03-28T14:09:53.000+01:00,51.5190413,-0.011986,71
2018-03-28T14:09:54.000+01:00,51.5190413,-0.011986,70
2018-03-28T14:09:55.000+01:00,51.5190413,-0.011986,70
2018-03-28T14:09:56.000+01:00,51.5190413,-0.011986,70
2018-03-28T14:09:57.000+01:00,51.5190413,-0.011986,71
2018-03-28T14:09:59.000+01:00,51.5190413,-0.011986,70
2018-03-28T14:10:00.000+01:00,51.519091,-0.0118613,70
2018-03-28T14:10:00.000+01:00,51.519091,-0.0118613,70
2018-03-28T14:10:01.000+01:00,51.519091,-0.0118613,70
2018-03-28T14:10:03.000+01:00,51.519091,-0.0118613,70
2018-03-28T14:10:04.000+01:00,51.519091,-0.0118613,70
2018-03-28T14:10:04.000+01:00,51.519091,-0.0118613,70
2018-03-28T14:10:06.000+01:00,51.519091,-0.0118613,70
2018-03-28T14:10:06.000+01:00,51.519091,-0.0118613,70
2018-03-28T14:10:08.000+01:00,51.519091,-0.0118613,70
2018-03-28T14:10:08.000+01:00,51.519091,-0.0118613,70
2018-03-28T14:10:10.000+01:00,51.519091,-0.0118613,70
2018-03-28T14:10:11.000+01:00,51.519091,-0.0118613,71
2018-03-28T14:10:11.000+01:00,51.519091,-0.0118613,70
2018-03-28T14:10:12.000+01:00,51.519091,-0.0118613,70
2018-03-28T14:10:14.000+01:00,51.519091,-0.0118613,70
2018-03-28T14:10:14.000+01:00,51.519091,-0.0118613,70
2018-03-28T14:10:15.000+01:00,51.519091,-0.0118613,70
2018-03-28T14:10:17.000+01:00,51.519091,-0.0118613,71
2018-03-28T14:10:18.000+01:00,51.519091,-0.0118613,71
2018-03-28T14:10:18.000+01:00,51.5188896,-0.011563,70
2018-03-28T14:10:19.000+01:00,51.5188896,-0.011563,70
2018-03-28T14:10:21.000+01:00,51.5188896,-0.011563,70
2018-03-28T14:10:22.000+01:00,51.5188896,-0.011563,70
2018-03-28T14:10:23.000+01:00,51.5188896,-0.011563,70
2018-03-28T14:10:24.000+01:00,51.5188896,-0.011563,70
2018-03-28T14:10:25.000+01:00,51.5188896,-0.011563,70
2018-03-28T14:10:25.000+01:00,51.5188896,-0.011563,70
2018-03-28T14:10:27.000+01:00,51.5188896,-0.011563,70
2018-03-28T14:10:27.000+01:00,51.5188896,-0.011563,70
2018-03-28T14:10:28.000+01:00,51.5188896,-0.011563,70
2018-03-28T14:10:29.000+01:00,51.5188896,-0.011563,71
2018-03-28T14:10:30.000+01:00,51.5188896,-0.011563,70
2018-03-28T14:10:31.000+01:00,51.5188896,-0.011563,70
2018-03-28T14:10:32.000+01:00,51.5188896,-0.011563,70
2018-03-28T14:10:33.000+01:00,51.5188896,-0.011563,71
2018-03-28T14:10:34.000+01:00,51.5188896,-0.011563,70
2018-03-28T14:10:35.000+01:00,51.5188896,-0.011563,70
2018-03-28T14:10:37.000+01:00,51.5188896,-0.011563,70
2018-03-28T14:10:37.000+01:00,51.5188896,-0.011563,70
2018-03-28T14:10:38.000+01:00,51.5186079,-0.0114669,70
2018-03-28T14:10:39.000+01:00,51.5186079,-0.0114669,70
2018-03-28T14:10:40.000+01:00,51.5186079,-0.0114669,70
2018-03-28T14:10:41.000+01:00,51.5186079,-0.0114669,70
2018-03-28T14:10:43.000+01:00,51.5186079,-0.0114669,70
2018-03-28T14:10:43.000+01:00,51.5186079,-0.0114669,70
2018-03-28T14:10:45.000+01:00,51.5186079,-0.0114669,70
2018-03-28T14:10:46.000+01:00,51.5186079,-0.0114669,70
2018-03-28T14:10:46.000+01:00,51.5186079,-0.0114669,70
2018-03-28T14:10:48.000+01:00,51.5186079,-0.0114669,70
2018-03-28T14:10:48.000+01:00,51.5186079,-0.0114669,70
2018-03-28T14:10:50.000+01:00,51.5186079,-0.0114669,70
2018-03-28T14:10:50.000+01:00,51.5186079,-0.0114669,70
2018-03-28T14:10:51.000+01:00,51.5186079,-0.0114669,70
2018-03-28T14:10:53.000+01:00,51.5186079,-0.0114669,70
2018-03-28T14:10:53.000+01:00,51.5186079,-0.0114669,70
2018-03-28T14:10:54.000+01:00,51.5186079,-0.0114669,70
2018-03-28T14:10:55.000+01:00,51.5186079,-0.0114669,70
2018-03-28T14:10:56.000+01:00,51.5186079,-0.0114669,70
2018-03-28T14:10:57.000+01:00,51.5186079,-0.0114669,70
2018-03-28T14:10:58.000+01:00,51.5182963,-0.0114852,70
2018-03-28T14:10:59.000+01:00,51.5182963,-0.0114852,70
2018-03-28T14:11:00.000+01:00,51.5182963,-0.0114852,70
2018-03-28T14:11:01.000+01:00,51.5182963,-0.0114852,71
2018-03-28T14:11:03.000+01:00,51.5182963,-0.0114852,70
2018-03-28T14:11:03.000+01:00,51.5182963,-0.0114852,70
2018-03-28T14:11:04.000+01:00,51.5182963,-0.0114852,70
2018-03-28T14:11:05.000+01:00,51.5182963,-0.0114852,70
2018-03-28T14:11:06.000+01:00,51.5182963,-0.0114852,70
2018-03-28T14:11:08.000+01:00,51.5182963,-0.0114852,70
2018-03-28T14:11:08.000+01:00,51.5182963,-0.0114852,70
2018-03-28T14:11:09.000+01:00,51.5182963,-0.0114852,70
2018-03-28T14:11:11.000+01:00,51.5182963,-0.0114852,70
2018-03-28T14:11:11.000+01:00,51.5182963,-0.0114852,70
2018-03-28T14:11:12.000+01:00,51.5182963,-0.0114852,70
2018-03-28T14:11:13.000+01:00,51.5182963,-0.0114852,70
2018-03-28T14:11:14.000+01:00,51.5182963,-0.0114852,70
2018-03-28T14:11:15.000+01:00,51.5182963,-0.0114852,70
2018-03-28T14:11:16.000+01:00,51.5182963,-0.0114852,70
2018-03-28T14:11:17.000+01:00,51.5182963,-0.0114852,70
2018-03-28T14:11:18.000+01:00,51.5182297,-0.011483,70
2018-03-28T14:11:19.000+01:00,51.5182297,-0.011483,70
2018-03-28T14:11:21.000+01:00,51.5182297,-0.011483,70
2018-03-28T14:11:21.000+01:00,51.5182297,-0.011483,70
2018-03-28T14:11:22.000+01:00,51.5182297,-0.011483,70
2018-03-28T14:11:23.000+01:00,51.5182297,-0.011483,70
2018-03-28T14:11:24.000+01:00,51.5182297,-0.011483,70
2018-03-28T14:11:25.000+01:00,51.5182297,-0.011483,71
2018-03-28T14:11:26.000+01:00,51.5182297,-0.011483,70
2018-03-28T14:11:27.000+01:00,51.5182297,-0.011483,70
2018-03-28T14:11:28.000+01:00,51.5182297,-0.011483,70
2018-03-28T14:11:30.000+01:00,51.5182297,-0.011483,70
2018-03-28T14:11:30.000+01:00,51.5182297,-0.011483,70
2018-03-28T14:11:31.000+01:00,51.5182297,-0.011483,70
2018-03-28T14:11:32.000+01:00,51.5182297,-0.011483,70
2018-03-28T14:11:34.000+01:00,51.5182297,-0.011483,70
2018-03-28T14:11:34.000+01:00,51.5182297,-0.011483,70
2018-03-28T14:11:36.000+01:00,51.5182297,-0.011483,70
2018-03-28T14:11:36.000+01:00,51.5182297,-0.011483,70
2018-03-28T14:11:37.000+01:00,51.5182297,-0.011483,70
2018-03-28T14:11:38.000+01:00,51.5178151,-0.0114211,70
2018-03-28T14:11:39.000+01:00,51.5178151,-0.0114211,70
2018-03-28T14:11:40.000+01:00,51.5178151,-0.0114211,70
2018-03-28T14:11:41.000+01:00,51.5178151,-0.0114211,70
2018-03-28T14:11:42.000+01:00,51.5178151,-0.0114211,70
2018-03-28T14:11:43.000+01:00,51.5178151,-0.0114211,70
2018-03-28T14:11:44.000+01:00,51.5178151,-0.0114211,70
2018-03-28T14:11:46.000+01:00,51.5178151,-0.0114211,70
2018-03-28T14:11:46.000+01:00,51.5178151,-0.0114211,70
2018-03-28T14:11:47.000+01:00,51.5178151,-0.0114211,70
2018-03-28T14:11:49.000+01:00,51.5178151,-0.0114211,70
2018-03-28T14:11:49.000+01:00,51.5178151,-0.0114211,70
2018-03-28T14:11:50.000+01:00,51.5178151,-0.0114211,70
2018-03-28T14:11:51.000+01:00,51.5178151,-0.0114211,70
2018-03-28T14:11:52.000+01:00,51.5178151,-0.0114211,70
2018-03-28T14:11:54.000+01:00,51.5178151,-0.0114211,70
2018-03-28T14:11:54.000+01:00,51.5178151,-0.0114211,70
2018-03-28T14:11:55.000+01:00,51.5178151,-0.0114211,70
2018-03-28T14:11:56.000+01:00,51.5178151,-0.0114211,70
2018-03-28T14:11:57.000+01:00,51.5178151,-0.0114211,70
2018-03-28T14:11:58.000+01:00,51.5178834,-0.0113972,70
2018-03-28T14:11:59.000+01:00,51.5178834,-0.0113972,70
2018-03-28T14:12:00.000+01:00,51.5178834,-0.0113972,70
2018-03-28T14:12:01.000+01:00,51.5178834,-0.0113972,70
2018-03-28T14:12:02.000+01:00,51.5178834,-0.0113972,70
2018-03-28T14:12:03.000+01:00,51.5178834,-0.0113972,70
2018-03-28T14:12:04.000+01:00,51.5178834,-0.0113972,70
2018-03-28T14:12:05.000+01:00,51.5178834,-0.0113972,70
2018-03-28T14:12:06.000+01:00,51.5178834,-0.0113972,70
2018-03-28T14:12:07.000+01:00,51.5178834,-0.0113972,70
2018-03-28T14:12:08.000+01:00,51.5178834,-0.0113972,70
2018-03-28T14:12:09.000+01:00,51.5178834,-0.0113972,70
2018-03-28T14:12:10.000+01:00,51.5178834,-0.0113972,70
2018-03-28T14:12:11.000+01:00,51.5178834,-0.0113972,70
2018-03-28T14:12:12.000+01:00,51.5178834,-0.0113972,70
2018-03-28T14:12:13.000+01:00,51.5178834,-0.0113972,70
2018-03-28T14:12:14.000+01:00,51.5178834,-0.0113972,70
2018-03-28T14:12:15.000+01:00,51.5178834,-0.0113972,70
2018-03-28T14:12:16.000+01:00,51.5178834,-0.0113972,70
2018-03-28T14:12:17.000+01:00,51.5178834,-0.0113972,70
2018-03-28T14:12:18.000+01:00,51.5177006,-0.0111846,70
2018-03-28T14:12:19.000+01:00,51.5177006,-0.0111846,70
2018-03-28T14:12:20.000+01:00,51.5177006,-0.0111846,70
2018-03-28T14:12:21.000+01:00,51.5177006,-0.0111846,70
2018-03-28T14:12:22.000+01:00,51.5177006,-0.0111846,70
2018-03-28T14:12:23.000+01:00,51.5177006,-0.0111846,70
2018-03-28T14:12:24.000+01:00,51.5177006,-0.0111846,70
2018-03-28T14:12:25.000+01:00,51.5177006,-0.0111846,70
2018-03-28T14:12:26.000+01:00,51.5177006,-0.0111846,70
2018-03-28T14:12:27.000+01:00,51.5177006,-0.0111846,70
2018-03-28T14:12:28.000+01:00,51.5177006,-0.0111846,70
2018-03-28T14:12:30.000+01:00,51.5177006,-0.0111846,70
2018-03-28T14:12:30.000+01:00,51.5177006,-0.0111846,70
2018-03-28T14:12:31.000+01:00,51.5177006,-0.0111846,70
2018-03-28T14:12:32.000+01:00,51.5177006,-0.0111846,70
2018-03-28T14:12:33.000+01:00,51.5177006,-0.0111846,70
2018-03-28T14:12:34.000+01:00,51.5177006,-0.0111846,70
2018-03-28T14:12:35.000+01:00,51.5177006,-0.0111846,70
2018-03-28T14:12:36.000+01:00,51.5177006,-0.0111846,70
2018-03-28T14:12:37.000+01:00,51.5177006,-0.0111846,70
2018-03-28T14:12:38.000+01:00,51.5176089,-0.0107698,70
2018-03-28T14:12:39.000+01:00,51.5176089,-0.0107698,70
2018-03-28T14:12:40.000+01:00,51.5176089,-0.0107698,70
2018-03-28T14:12:41.000+01:00,51.5176089,-0.0107698,70
2018-03-28T14:12:42.000+01:00,51.5176089,-0.0107698,70
2018-03-28T14:12:43.000+01:00,51.5176089,-0.0107698,70
2018-03-28T14:12:44.000+01:00,51.5176089,-0.0107698,70
2018-03-28T14:12:45.000+01:00,51.5176089,-0.0107698,70
2018-03-28T14:12:46.000+01:00,51.5176089,-0.0107698,70
2018-03-28T14:12:47.000+01:00,51.5176089,-0.0107698,70
2018-03-28T14:12:48.000+01:00,51.5176089,-0.0107698,70
2018-03-28T14:12:49.000+01:00,51.5176089,-0.0107698,70
2018-03-28T14:12:50.000+01:00,51.5176089,-0.0107698,70
2018-03-28T14:12:51.000+01:00,51.5176089,-0.0107698,70
2018-03-28T14:12:52.000+01:00,51.5176089,-0.0107698,70
2018-03-28T14:12:53.000+01:00,51.5176089,-0.0107698,70
2018-03-28T14:12:54.000+01:00,51.5176089,-0.0107698,70
2018-03-28T14:12:55.000+01:00,51.5176089,-0.0107698,70
2018-03-28T14:12:56.000+01:00,51.5176089,-0.0107698,70
2018-03-28T14:12:57.000+01:00,51.5176089,-0.0107698,70
2018-03-28T14:12:58.000+01:00,51.5176089,-0.0107698,70
2018-03-28T14:12:59.000+01:00,51.5176984,-0.0105555,70
2018-03-28T14:13:00.000+01:00,51.5176984,-0.0105555,70
2018-03-28T14:13:01.000+01:00,51.5176984,-0.0105555,70
2018-03-28T14:13:02.000+01:00,51.5176984,-0.0105555,70
2018-03-28T14:13:03.000+01:00,51.5176984,-0.0105555,70
2018-03-28T14:13:04.000+01:00,51.5176984,-0.0105555,70
2018-03-28T14:13:05.000+01:00,51.5176984,-0.0105555,70
2018-03-28T14:13:06.000+01:00,51.5176984,-0.0105555,70
2018-03-28T14:13:07.000+01:00,51.5176984,-0.0105555,70
2018-03-28T14:13:08.000+01:00,51.5176984,-0.0105555,70
2018-03-28T14:13:09.000+01:00,51.5176984,-0.0105555,70
2018-03-28T14:13:10.000+01:00,51.5176984,-0.0105555,70
2018-03-28T14:13:11.000+01:00,51.5176984,-0.0105555,70
2018-03-28T14:13:12.000+01:00,51.5176984,-0.0105555,70
2018-03-28T14:13:13.000+01:00,51.5176984,-0.0105555,70
2018-03-28T14:13:14.000+01:00,51.5176984,-0.0105555,70
2018-03-28T14:13:15.000+01:00,51.5176984,-0.0105555,70
2018-03-28T14:13:16.000+01:00,51.5176984,-0.0105555,70
2018-03-28T14:13:17.000+01:00,51.5176984,-0.0105555,70
2018-03-28T14:13:18.000+01:00,51.5176984,-0.0105555,70
2018-03-28T14:13:19.000+01:00,51.517688,-0.0105421,70
2018-03-28T14:13:20.000+01:00,51.517688,-0.0105421,70
2018-03-28T14:13:21.000+01:00,51.517688,-0.0105421,70
2018-03-28T14:13:22.000+01:00,51.517688,-0.0105421,70
2018-03-28T14:13:23.000+01:00,51.517688,-0.0105421,70
2018-03-28T14:13:24.000+01:00,51.517688,-0.0105421,70
2018-03-28T14:13:25.000+01:00,51.517688,-0.0105421,70
2018-03-28T14:13:26.000+01:00,51.517688,-0.0105421,70
2018-03-28T14:13:27.000+01:00,51.517688,-0.0105421,70
2018-03-28T14:13:28.000+01:00,51.517688,-0.0105421,70
2018-03-28T14:13:29.000+01:00,51.517688,-0.0105421,70
2018-03-28T14:13:30.000+01:00,51.517688,-0.0105421,70
2018-03-28T14:13:31.000+01:00,51.517688,-0.0105421,70
2018-03-28T14:13:32.000+01:00,51.517688,-0.0105421,70
2018-03-28T14:13:33.000+01:00,51.517688,-0.0105421,70
2018-03-28T14:13:34.000+01:00,51.517688,-0.0105421,70
2018-03-28T14:13:35.000+01:00,51.517688,-0.0105421,70
2018-03-28T14:13:36.000+01:00,51.517688,-0.0105421,70
2018-03-28T14:13:37.000+01:00,51.517688,-0.0105421,70
2018-03-28T14:13:38.000+01:00,51.517688,-0.0105421,70
2018-03-28T14:13:39.000+01:00,51.5177015,-0.0105432,70
2018-03-28T14:13:40.000+01:00,51.5177015,-0.0105432,70
2018-03-28T14:13:41.000+01:00,51.5177015,-0.0105432,70
2018-03-28T14:13:42.000+01:00,51.5177015,-0.0105432,70
2018-03-28T14:13:43.000+01:00,51.5177015,-0.0105432,70
2018-03-28T14:13:44.000+01:00,51.5177015,-0.0105432,70
2018-03-28T14:13:45.000+01:00,51.5177015,-0.0105432,70
2018-03-28T14:13:46.000+01:00,51.5177015,-0.0105432,70
2018-03-28T14:13:47.000+01:00,51.5177015,-0.0105432,70
2018-03-28T14:13:48.000+01:00,51.5177015,-0.0105432,70
2018-03-28T14:13:49.000+01:00,51.5177015,-0.0105432,70
2018-03-28T14:13:50.000+01:00,51.5177015,-0.0105432,70
2018-03-28T14:13:51.000+01:00,51.5177015,-0.0105432,70
2018-03-28T14:13:52.000+01:00,51.5177015,-0.0105432,70
2018-03-28T14:13:53.000+01:00,51.5177015,-0.0105432,70
2018-03-28T14:13:54.000+01:00,51.5177015,-0.0105432,70
2018-03-28T14:13:55.000+01:00,51.5177015,-0.0105432,70
2018-03-28T14:13:56.000+01:00,51.5177015,-0.0105432,70
2018-03-28T14:13:57.000+01:00,51.5177015,-0.0105432,70
2018-03-28T14:13:58.000+01:00,51.5177015,-0.0105432,70
2018-03-28T14:13:59.000+01:00,51.5177193,-0.0104957,70
2018-03-28T14:14:00.000+01:00,51.5177193,-0.0104957,70
2018-03-28T14:14:01.000+01:00,51.5177193,-0.0104957,70
2018-03-28T14:14:02.000+01:00,51.5177193,-0.0104957,70
2018-03-28T14:14:03.000+01:00,51.5177193,-0.0104957,70
2018-03-28T14:14:04.000+01:00,51.5177193,-0.0104957,70
2018-03-28T14:14:05.000+01:00,51.5177193,-0.0104957,70
2018-03-28T14:14:06.000+01:00,51.5177193,-0.0104957,70
2018-03-28T14:14:07.000+01:00,51.5177193,-0.0104957,70
2018-03-28T14:14:08.000+01:00,51.5177193,-0.0104957,70
2018-03-28T14:14:09.000+01:00,51.5177193,-0.0104957,70
2018-03-28T14:14:10.000+01:00,51.5177193,-0.0104957,70
2018-03-28T14:14:11.000+01:00,51.5177193,-0.0104957,70
2018-03-28T14:14:12.000+01:00,51.5177193,-0.0104957,70
2018-03-28T14:14:13.000+01:00,51.5177193,-0.0104957,70
2018-03-28T14:14:14.000+01:00,51.5177193,-0.0104957,70
2018-03-28T14:14:15.000+01:00,51.5177193,-0.0104957,70
2018-03-28T14:14:16.000+01:00,51.5177193,-0.0104957,70
2018-03-28T14:14:17.000+01:00,51.5177193,-0.0104957,70
2018-03-28T14:14:18.000+01:00,51.5177193,-0.0104957,70
2018-03-28T14:14:19.000+01:00,51.5176503,-0.0104505,70
2018-03-28T14:14:20.000+01:00,51.5176503,-0.0104505,70
2018-03-28T14:14:21.000+01:00,51.5176503,-0.0104505,70
2018-03-28T14:14:22.000+01:00,51.5176503,-0.0104505,70
2018-03-28T14:14:23.000+01:00,51.5176503,-0.0104505,70
2018-03-28T14:14:24.000+01:00,51.5176503,-0.0104505,70
2018-03-28T14:14:25.000+01:00,51.5176503,-0.0104505,70
2018-03-28T14:14:26.000+01:00,51.5176503,-0.0104505,70
2018-03-28T14:14:27.000+01:00,51.5176503,-0.0104505,70
2018-03-28T14:14:28.000+01:00,51.5176503,-0.0104505,70
2018-03-28T14:14:29.000+01:00,51.5176503,-0.0104505,70
2018-03-28T14:14:30.000+01:00,51.5176503,-0.0104505,70
2018-03-28T14:14:31.000+01:00,51.5176503,-0.0104505,70
2018-03-28T14:14:32.000+01:00,51.5176503,-0.0104505,70
2018-03-28T14:14:33.000+01:00,51.5176503,-0.0104505,70
2018-03-28T14:14:34.000+01:00,51.5176503,-0.0104505,70
2018-03-28T14:14:35.000+01:00,51.5176503,-0.0104505,70
2018-03-28T14:14:36.000+01:00,51.5176503,-0.0104505,70
2018-03-28T14:14:37.000+01:00,51.5176503,-0.0104505,70
2018-03-28T14:14:38.000+01:00,51.5176503,-0.0104505,70
2018-03-28T14:14:39.000+01:00,51.5177047,-0.0105282,70
2018-03-28T14:14:40.000+01:00,51.5177047,-0.0105282,70
2018-03-28T14:14:41.000+01:00,51.5177047,-0.0105282,70
2018-03-28T14:14:42.000+01:00,51.5177047,-0.0105282,70
2018-03-28T14:14:43.000+01:00,51.5177047,-0.0105282,70
2018-03-28T14:14:44.000+01:00,51.5177047,-0.0105282,69
2018-03-28T14:14:45.000+01:00,51.5177047,-0.0105282,70
2018-03-28T14:14:46.000+01:00,51.5177047,-0.0105282,71
2018-03-28T14:14:47.000+01:00,51.5177047,-0.0105282,70
2018-03-28T14:14:48.000+01:00,51.5177047,-0.0105282,70
2018-03-28T14:14:49.000+01:00,51.5177047,-0.0105282,70
2018-03-28T14:14:50.000+01:00,51.5177047,-0.0105282,70
2018-03-28T14:14:51.000+01:00,51.5177047,-0.0105282,70
2018-03-28T14:14:52.000+01:00,51.5177047,-0.0105282,70
2018-03-28T14:14:53.000+01:00,51.5177047,-0.0105282,70
2018-03-28T14:14:54.000+01:00,51.5177047,-0.0105282,70
2018-03-28T14:14:55.000+01:00,51.5177047,-0.0105282,70
2018-03-28T14:14:56.000+01:00,51.5177047,-0.0105282,70
2018-03-28T14:14:57.000+01:00,51.5177047,-0.0105282,70
2018-03-28T14:14:58.000+01:00,51.5177047,-0.0105282,70
2018-03-28T14:14:59.000+01:00,51.5177047,-0.0105282,70
2018-03-28T14:15:00.000+01:00,51.5177047,-0.0105282,69
2018-03-28T14:15:01.000+01:00,51.5176994,-0.0105235,70
2018-03-28T14:15:02.000+01:00,51.5176994,-0.0105235,70
2018-03-28T14:15:03.000+01:00,51.5176994,-0.0105235,70
2018-03-28T14:15:04.000+01:00,51.5176994,-0.0105235,70
2018-03-28T14:15:05.000+01:00,51.5176994,-0.0105235,70
2018-03-28T14:15:06.000+01:00,51.5176994,-0.0105235,70
2018-03-28T14:15:07.000+01:00,51.5176994,-0.0105235,70
2018-03-28T14:15:08.000+01:00,51.5176994,-0.0105235,70
2018-03-28T14:15:09.000+01:00,51.5176994,-0.0105235,70
2018-03-28T14:15:10.000+01:00,51.5176994,-0.0105235,70
2018-03-28T14:15:11.000+01:00,51.5176994,-0.0105235,70
2018-03-28T14:15:12.000+01:00,51.5176994,-0.0105235,70
2018-03-28T14:15:13.000+01:00,51.5176994,-0.0105235,70
2018-03-28T14:15:14.000+01:00,51.5176994,-0.0105235,70
2018-03-28T14:15:15.000+01:00,51.5176994,-0.0105235,70
2018-03-28T14:15:16.000+01:00,51.5176994,-0.0105235,70
2018-03-28T14:15:17.000+01:00,51.5176994,-0.0105235,70
2018-03-28T14:15:18.000+01:00,51.5176994,-0.0105235,70
2018-03-28T14:15:19.000+01:00,51.5176994,-0.0105235,70
2018-03-28T14:15:20.000+01:00,51.5176994,-0.0105235,70
2018-03-28T14:15:21.000+01:00,51.5178035,-0.0105976,70
2018-03-28T14:15:22.000+01:00,51.5178035,-0.0105976,70
2018-03-28T14:15:23.000+01:00,51.5178035,-0.0105976,70
2018-03-28T14:15:24.000+01:00,51.5178035,-0.0105976,70
2018-03-28T14:15:25.000+01:00,51.5178035,-0.0105976,70
2018-03-28T14:15:26.000+01:00,51.5178035,-0.0105976,70
2018-03-28T14:15:27.000+01:00,51.5178035,-0.0105976,70
2018-03-28T14:15:28.000+01:00,51.5178035,-0.0105976,70
2018-03-28T14:15:30.000+01:00,51.5178035,-0.0105976,69
2018-03-28T14:15:30.000+01:00,51.5178035,-0.0105976,70
2018-03-28T14:15:31.000+01:00,51.5178035,-0.0105976,70
2018-03-28T14:15:32.000+01:00,51.5178035,-0.0105976,69
2018-03-28T14:15:33.000+01:00,51.5178035,-0.0105976,70
2018-03-28T14:15:34.000+01:00,51.5178035,-0.0105976,70
2018-03-28T14:15:35.000+01:00,51.5178035,-0.0105976,70
2018-03-28T14:15:36.000+01:00,51.5178035,-0.0105976,70
2018-03-28T14:15:37.000+01:00,51.5178035,-0.0105976,70
2018-03-28T14:15:38.000+01:00,51.5178035,-0.0105976,70
2018-03-28T14:15:39.000+01:00,51.5178035,-0.0105976,69
2018-03-28T14:15:40.000+01:00,51.5178035,-0.0105976,69
2018-03-28T14:15:41.000+01:00,51.5177936,-0.0105996,70
2018-03-28T14:15:42.000+01:00,51.5177936,-0.0105996,70
2018-03-28T14:15:43.000+01:00,51.5177936,-0.0105996,70
2018-03-28T14:15:44.000+01:00,51.5177936,-0.0105996,69
2018-03-28T14:15:45.000+01:00,51.5177936,-0.0105996,70
2018-03-28T14:15:46.000+01:00,51.5177936,-0.0105996,70
2018-03-28T14:15:47.000+01:00,51.5177936,-0.0105996,70
2018-03-28T14:15:48.000+01:00,51.5177936,-0.0105996,70
2018-03-28T14:15:49.000+01:00,51.5177936,-0.0105996,69
2018-03-28T14:15:50.000+01:00,51.5177936,-0.0105996,69
2018-03-28T14:15:51.000+01:00,51.5177936,-0.0105996,70
2018-03-28T14:15:52.000+01:00,51.5177936,-0.0105996,70
2018-03-28T14:15:53.000+01:00,51.5177936,-0.0105996,69
2018-03-28T14:15:54.000+01:00,51.5177936,-0.0105996,69
2018-03-28T14:15:55.000+01:00,51.5177936,-0.0105996,69
2018-03-28T14:15:56.000+01:00,51.5177936,-0.0105996,70
2018-03-28T14:15:57.000+01:00,51.5177936,-0.0105996,69
2018-03-28T14:15:58.000+01:00,51.5177936,-0.0105996,70
2018-03-28T14:15:59.000+01:00,51.5177936,-0.0105996,69
2018-03-28T14:16:00.000+01:00,51.5177936,-0.0105996,70
2018-03-28T14:16:01.000+01:00,51.5177936,-0.0105996,70
2018-03-28T14:16:02.000+01:00,51.5170847,-0.0103198,70
2018-03-28T14:16:03.000+01:00,51.5170847,-0.0103198,70
2018-03-28T14:16:04.000+01:00,51.5170847,-0.0103198,69
2018-03-28T14:16:05.000+01:00,51.5170847,-0.0103198,70
2018-03-28T14:16:06.000+01:00,51.5170847,-0.0103198,70
2018-03-28T14:16:07.000+01:00,51.5170847,-0.0103198,70
2018-03-28T14:16:08.000+01:00,51.5170847,-0.0103198,69
2018-03-28T14:16:09.000+01:00,51.5170847,-0.0103198,69
2018-03-28T14:16:10.000+01:00,51.5170847,-0.0103198,70
2018-03-28T14:16:11.000+01:00,51.5170847,-0.0103198,69
2018-03-28T14:16:12.000+01:00,51.5170847,-0.0103198,69
2018-03-28T14:16:13.000+01:00,51.5170847,-0.0103198,69
2018-03-28T14:16:14.000+01:00,51.5170847,-0.0103198,70
2018-03-28T14:16:15.000+01:00,51.5170847,-0.0103198,70
2018-03-28T14:16:16.000+01:00,51.5170847,-0.0103198,70
2018-03-28T14:16:17.000+01:00,51.5170847,-0.0103198,69
2018-03-28T14:16:18.000+01:00,51.5170847,-0.0103198,69
2018-03-28T14:16:19.000+01:00,51.5170847,-0.0103198,69
2018-03-28T14:16:20.000+01:00,51.5170847,-0.0103198,69
2018-03-28T14:16:21.000+01:00,51.5170847,-0.0103198,70
2018-03-28T14:16:22.000+01:00,51.5170541,-0.0102232,70
2018-03-28T14:16:23.000+01:00,51.5170541,-0.0102232,69
2018-03-28T14:16:24.000+01:00,51.5170541,-0.0102232,69
2018-03-28T14:16:25.000+01:00,51.5170541,-0.0102232,69
2018-03-28T14:16:26.000+01:00,51.5170541,-0.0102232,69
2018-03-28T14:16:27.000+01:00,51.5170541,-0.0102232,69
2018-03-28T14:16:28.000+01:00,51.5170541,-0.0102232,70
2018-03-28T14:16:29.000+01:00,51.5170541,-0.0102232,69
2018-03-28T14:16:30.000+01:00,51.5170541,-0.0102232,69
2018-03-28T14:16:31.000+01:00,51.5170541,-0.0102232,69
2018-03-28T14:16:32.000+01:00,51.5170541,-0.0102232,69
2018-03-28T14:16:33.000+01:00,51.5170541,-0.0102232,69
2018-03-28T14:16:34.000+01:00,51.5170541,-0.0102232,69
2018-03-28T14:16:35.000+01:00,51.5170541,-0.0102232,69
2018-03-28T14:16:36.000+01:00,51.5170541,-0.0102232,69
2018-03-28T14:16:37.000+01:00,51.5170541,-0.0102232,69
2018-03-28T14:16:38.000+01:00,51.5170541,-0.0102232,69
2018-03-28T14:16:39.000+01:00,51.5170541,-0.0102232,69
2018-03-28T14:16:40.000+01:00,51.5170541,-0.0102232,70
2018-03-28T14:16:41.000+01:00,51.5170375,-0.0101353,69
2018-03-28T14:16:42.000+01:00,51.5170375,-0.0101353,69
2018-03-28T14:16:43.000+01:00,51.5170375,-0.0101353,69
2018-03-28T14:16:44.000+01:00,51.5170375,-0.0101353,70
2018-03-28T14:16:45.000+01:00,51.5170375,-0.0101353,69
2018-03-28T14:16:46.000+01:00,51.5170375,-0.0101353,69
2018-03-28T14:16:47.000+01:00,51.5170375,-0.0101353,69
2018-03-28T14:16:48.000+01:00,51.5170375,-0.0101353,69
2018-03-28T14:16:49.000+01:00,51.5170375,-0.0101353,69
2018-03-28T14:16:50.000+01:00,51.5170375,-0.0101353,69
2018-03-28T14:16:51.000+01:00,51.5170375,-0.0101353,68
2018-03-28T14:16:52.000+01:00,51.5170375,-0.0101353,69
2018-03-28T14:16:53.000+01:00,51.5170375,-0.0101353,69
2018-03-28T14:16:54.000+01:00,51.5170375,-0.0101353,69
2018-03-28T14:16:55.000+01:00,51.5170375,-0.0101353,69
2018-03-28T14:16:56.000+01:00,51.5170375,-0.0101353,69
2018-03-28T14:16:57.000+01:00,51.5170375,-0.0101353,69
2018-03-28T14:16:58.000+01:00,51.5170375,-0.0101353,69
2018-03-28T14:16:59.000+01:00,51.5170375,-0.0101353,69
2018-03-28T14:17:00.000+01:00,51.5170375,-0.0101353,69
2018-03-28T14:17:01.000+01:00,51.5170375,-0.0101353,68
2018-03-28T14:17:02.000+01:00,51.5168993,-0.0100183,69
2018-03-28T14:17:03.000+01:00,51.5168993,-0.0100183,68
2018-03-28T14:17:04.000+01:00,51.5168993,-0.0100183,68
2018-03-28T14:17:05.000+01:00,51.5168993,-0.0100183,69
2018-03-28T14:17:06.000+01:00,51.5168993,-0.0100183,68
2018-03-28T14:17:07.000+01:00,51.5168993,-0.0100183,69
2018-03-28T14:17:08.000+01:00,51.5168993,-0.0100183,69
2018-03-28T14:17:09.000+01:00,51.5168993,-0.0100183,68
2018-03-28T14:17:10.000+01:00,51.5168993,-0.0100183,68
2018-03-28T14:17:11.000+01:00,51.5168993,-0.0100183,69
2018-03-28T14:17:12.000+01:00,51.5168993,-0.0100183,69
2018-03-28T14:17:13.000+01:00,51.5168993,-0.0100183,68
2018-03-28T14:17:14.000+01:00,51.5168993,-0.0100183,69
2018-03-28T14:17:15.000+01:00,51.5168993,-0.0100183,69
2018-03-28T14:17:16.000+01:00,51.5168993,-0.0100183,68
2018-03-28T14:17:17.000+01:00,51.5168993,-0.0100183,68
2018-03-28T14:17:18.000+01:00,51.5168993,-0.0100183,69
2018-03-28T14:17:19.000+01:00,51.5168993,-0.0100183,69
2018-03-28T14:17:20.000+01:00,51.5168993,-0.0100183,69
2018-03-28T14:17:21.000+01:00,51.5168993,-0.0100183,68
2018-03-28T14:17:22.000+01:00,51.5169019,-0.0101636,68
2018-03-28T14:17:23.000+01:00,51.5169019,-0.0101636,69
2018-03-28T14:17:24.000+01:00,51.5169019,-0.0101636,68
2018-03-28T14:17:25.000+01:00,51.5169019,-0.0101636,68
2018-03-28T14:17:26.000+01:00,51.5169019,-0.0101636,68
2018-03-28T14:17:27.000+01:00,51.5169019,-0.0101636,69
2018-03-28T14:17:28.000+01:00,51.5169019,-0.0101636,68
2018-03-28T14:17:29.000+01:00,51.5169019,-0.0101636,68
2018-03-28T14:17:30.000+01:00,51.5169019,-0.0101636,69
2018-03-28T14:17:31.000+01:00,51.5169019,-0.0101636,68
2018-03-28T14:17:32.000+01:00,51.5169019,-0.0101636,69
2018-03-28T14:17:33.000+01:00,51.5169019,-0.0101636,68
2018-03-28T14:17:34.000+01:00,51.5169019,-0.0101636,68
2018-03-28T14:17:35.000+01:00,51.5169019,-0.0101636,68
2018-03-28T14:17:36.000+01:00,51.5169019,-0.0101636,68
2018-03-28T14:17:37.000+01:00,51.5169019,-0.0101636,68
2018-03-28T14:17:38.000+01:00,51.5169019,-0.0101636,69
2018-03-28T14:17:39.000+01:00,51.5169019,-0.0101636,68
2018-03-28T14:17:40.000+01:00,51.5169019,-0.0101636,67
2018-03-28T14:17:41.000+01:00,51.5164173,-0.0102471,68
2018-03-28T14:17:42.000+01:00,51.5164173,-0.0102471,69
2018-03-28T14:17:43.000+01:00,51.5164173,-0.0102471,69
2018-03-28T14:17:44.000+01:00,51.5164173,-0.0102471,68
2018-03-28T14:17:45.000+01:00,51.5164173,-0.0102471,69
2018-03-28T14:17:46.000+01:00,51.5164173,-0.0102471,68
2018-03-28T14:17:47.000+01:00,51.5164173,-0.0102471,68
2018-03-28T14:17:48.000+01:00,51.5164173,-0.0102471,69
2018-03-28T14:17:49.000+01:00,51.5164173,-0.0102471,68
2018-03-28T14:17:50.000+01:00,51.5164173,-0.0102471,68
2018-03-28T14:17:51.000+01:00,51.5164173,-0.0102471,69
2018-03-28T14:17:52.000+01:00,51.5164173,-0.0102471,68
2018-03-28T14:17:53.000+01:00,51.5164173,-0.0102471,68
2018-03-28T14:17:54.000+01:00,51.5164173,-0.0102471,68
2018-03-28T14:17:55.000+01:00,51.5164173,-0.0102471,68
2018-03-28T14:17:56.000+01:00,51.5164173,-0.0102471,68
2018-03-28T14:17:57.000+01:00,51.5164173,-0.0102471,69
2018-03-28T14:17:58.000+01:00,51.5164173,-0.0102471,68
2018-03-28T14:17:59.000+01:00,51.5164173,-0.0102471,68
2018-03-28T14:18:00.000+01:00,51.5164173,-0.0102471,69
2018-03-28T14:18:01.000+01:00,51.5164173,-0.0102471,68
2018-03-28T14:18:02.000+01:00,51.5151715,-0.0093483,69
2018-03-28T14:18:03.000+01:00,51.5151715,-0.0093483,68
2018-03-28T14:18:04.000+01:00,51.5151715,-0.0093483,68
2018-03-28T14:18:05.000+01:00,51.5151715,-0.0093483,68
2018-03-28T14:18:06.000+01:00,51.5151715,-0.0093483,68
2018-03-28T14:18:07.000+01:00,51.5151715,-0.0093483,68
2018-03-28T14:18:08.000+01:00,51.5151715,-0.0093483,68
2018-03-28T14:18:09.000+01:00,51.5151715,-0.0093483,68
2018-03-28T14:18:10.000+01:00,51.5151715,-0.0093483,68
2018-03-28T14:18:11.000+01:00,51.5151715,-0.0093483,68
2018-03-28T14:18:12.000+01:00,51.5151715,-0.0093483,68
2018-03-28T14:18:13.000+01:00,51.5151715,-0.0093483,68
2018-03-28T14:18:14.000+01:00,51.5151715,-0.0093483,68
2018-03-28T14:18:15.000+01:00,51.5151715,-0.0093483,69
2018-03-28T14:18:16.000+01:00,51.5151715,-0.0093483,69
2018-03-28T14:18:18.000+01:00,51.5151715,-0.0093483,68
2018-03-28T14:18:18.000+01:00,51.5151715,-0.0093483,68
2018-03-28T14:18:19.000+01:00,51.5151715,-0.0093483,68
2018-03-28T14:18:20.000+01:00,51.5151715,-0.0093483,69
2018-03-28T14:18:21.000+01:00,51.5151715,-0.0093483,68
2018-03-28T14:18:22.000+01:00,51.5164056,-0.0104745,67
2018-03-28T14:18:23.000+01:00,51.5164056,-0.0104745,68
2018-03-28T14:18:24.000+01:00,51.5164056,-0.0104745,68
2018-03-28T14:18:25.000+01:00,51.5164056,-0.0104745,68
2018-03-28T14:18:26.000+01:00,51.5164056,-0.0104745,68
2018-03-28T14:18:27.000+01:00,51.5164056,-0.0104745,68
2018-03-28T14:18:28.000+01:00,51.5164056,-0.0104745,68
2018-03-28T14:18:29.000+01:00,51.5164056,-0.0104745,68
2018-03-28T14:18:30.000+01:00,51.5164056,-0.0104745,68
2018-03-28T14:18:31.000+01:00,51.5164056,-0.0104745,68
2018-03-28T14:18:32.000+01:00,51.5164056,-0.0104745,68
2018-03-28T14:18:33.000+01:00,51.5164056,-0.0104745,68
2018-03-28T14:18:34.000+01:00,51.5164056,-0.0104745,68
2018-03-28T14:18:35.000+01:00,51.5164056,-0.0104745,68
2018-03-28T14:18:36.000+01:00,51.5164056,-0.0104745,68
2018-03-28T14:18:37.000+01:00,51.5164056,-0.0104745,69
2018-03-28T14:18:38.000+01:00,51.5164056,-0.0104745,68
2018-03-28T14:18:40.000+01:00,51.5164056,-0.0104745,68
2018-03-28T14:18:40.000+01:00,51.5164056,-0.0104745,68
2018-03-28T14:18:41.000+01:00,51.5162869,-0.0100544,68
2018-03-28T14:18:42.000+01:00,51.5162869,-0.0100544,68
2018-03-28T14:18:43.000+01:00,51.5162869,-0.0100544,68
2018-03-28T14:18:45.000+01:00,51.5162869,-0.0100544,68
2018-03-28T14:18:45.000+01:00,51.5162869,-0.0100544,68
2018-03-28T14:18:47.000+01:00,51.5162869,-0.0100544,68
2018-03-28T14:18:48.000+01:00,51.5162869,-0.0100544,68
2018-03-28T14:18:48.000+01:00,51.5162869,-0.0100544,68
2018-03-28T14:18:50.000+01:00,51.5162869,-0.0100544,69
2018-03-28T14:18:50.000+01:00,51.5162869,-0.0100544,68
2018-03-28T14:18:52.000+01:00,51.5162869,-0.0100544,68
2018-03-28T14:18:52.000+01:00,51.5162869,-0.0100544,68
2018-03-28T14:18:53.000+01:00,51.5162869,-0.0100544,69
2018-03-28T14:18:55.000+01:00,51.5162869,-0.0100544,68
2018-03-28T14:18:56.000+01:00,51.5162869,-0.0100544,68
2018-03-28T14:18:56.000+01:00,51.5162869,-0.0100544,68
2018-03-28T14:18:57.000+01:00,51.5162869,-0.0100544,68
2018-03-28T14:18:58.000+01:00,51.5162869,-0.0100544,68
2018-03-28T14:18:59.000+01:00,51.5162869,-0.0100544,68
2018-03-28T14:19:00.000+01:00,51.5162869,-0.0100544,68
2018-03-28T14:19:01.000+01:00,51.5162869,-0.0100544,68
2018-03-28T14:19:02.000+01:00,51.5162466,-0.0100734,68
2018-03-28T14:19:03.000+01:00,51.5162466,-0.0100734,68
2018-03-28T14:19:04.000+01:00,51.5162466,-0.0100734,68
2018-03-28T14:19:05.000+01:00,51.5162466,-0.0100734,68
2018-03-28T14:19:06.000+01:00,51.5162466,-0.0100734,68
2018-03-28T14:19:07.000+01:00,51.5162466,-0.0100734,68
2018-03-28T14:19:08.000+01:00,51.5162466,-0.0100734,69
2018-03-28T14:19:09.000+01:00,51.5162466,-0.0100734,67
2018-03-28T14:19:10.000+01:00,51.5162466,-0.0100734,68
2018-03-28T14:19:11.000+01:00,51.5162466,-0.0100734,68
2018-03-28T14:19:12.000+01:00,51.5162466,-0.0100734,67
2018-03-28T14:19:13.000+01:00,51.5162466,-0.0100734,68
2018-03-28T14:19:14.000+01:00,51.5162466,-0.0100734,68
2018-03-28T14:19:15.000+01:00,51.5162466,-0.0100734,68
2018-03-28T14:19:16.000+01:00,51.5162466,-0.0100734,68
2018-03-28T14:19:17.000+01:00,51.5162466,-0.0100734,68
2018-03-28T14:19:18.000+01:00,51.5162466,-0.0100734,68
2018-03-28T14:19:19.000+01:00,51.5162466,-0.0100734,68
2018-03-28T14:19:20.000+01:00,51.5162466,-0.0100734,68
2018-03-28T14:19:21.000+01:00,51.5162466,-0.0100734,68
2018-03-28T14:19:22.000+01:00,51.5161101,-0.0101331,68
2018-03-28T14:19:24.000+01:00,51.5161101,-0.0101331,68
2018-03-28T14:19:24.000+01:00,51.5161101,-0.0101331,68
2018-03-28T14:19:25.000+01:00,51.5161101,-0.0101331,67
2018-03-28T14:19:26.000+01:00,51.5161101,-0.0101331,68
2018-03-28T14:19:27.000+01:00,51.5161101,-0.0101331,68
2018-03-28T14:19:28.000+01:00,51.5161101,-0.0101331,68
2018-03-28T14:19:29.000+01:00,51.5161101,-0.0101331,67
2018-03-28T14:19:30.000+01:00,51.5161101,-0.0101331,68
2018-03-28T14:19:31.000+01:00,51.5161101,-0.0101331,68
2018-03-28T14:19:32.000+01:00,51.5161101,-0.0101331,67
2018-03-28T14:19:33.000+01:00,51.5161101,-0.0101331,68
2018-03-28T14:19:34.000+01:00,51.5161101,-0.0101331,68
2018-03-28T14:19:35.000+01:00,51.5161101,-0.0101331,68
2018-03-28T14:19:36.000+01:00,51.5161101,-0.0101331,68
2018-03-28T14:19:37.000+01:00,51.5161101,-0.0101331,67
2018-03-28T14:19:38.000+01:00,51.5161101,-0.0101331,68
2018-03-28T14:19:39.000+01:00,51.5161101,-0.0101331,67
2018-03-28T14:19:40.000+01:00,51.5161101,-0.0101331,68
2018-03-28T14:19:41.000+01:00,51.5161101,-0.0101331,67
2018-03-28T14:19:42.000+01:00,51.5159034,-0.0098,68
2018-03-28T14:19:43.000+01:00,51.5159034,-0.0098,67
2018-03-28T14:19:44.000+01:00,51.5159034,-0.0098,67
2018-03-28T14:19:45.000+01:00,51.5159034,-0.0098,67
2018-03-28T14:19:46.000+01:00,51.5159034,-0.0098,67
2018-03-28T14:19:47.000+01:00,51.5159034,-0.0098,68
2018-03-28T14:19:48.000+01:00,51.5159034,-0.0098,68
2018-03-28T14:19:49.000+01:00,51.5159034,-0.0098,68
2018-03-28T14:19:50.000+01:00,51.5159034,-0.0098,68
2018-03-28T14:19:51.000+01:00,51.5159034,-0.0098,68
2018-03-28T14:19:52.000+01:00,51.5159034,-0.0098,67
2018-03-28T14:19:53.000+01:00,51.5159034,-0.0098,67
2018-03-28T14:19:54.000+01:00,51.5159034,-0.0098,68
2018-03-28T14:19:55.000+01:00,51.5159034,-0.0098,66
2018-03-28T14:19:56.000+01:00,51.5159034,-0.0098,68
2018-03-28T14:19:57.000+01:00,51.5159034,-0.0098,67
2018-03-28T14:19:58.000+01:00,51.5159034,-0.0098,67
2018-03-28T14:19:59.000+01:00,51.5159034,-0.0098,67
2018-03-28T14:20:00.000+01:00,51.5159034,-0.0098,68
2018-03-28T14:20:01.000+01:00,51.5159034,-0.0098,68
2018-03-28T14:20:02.000+01:00,51.5159218,-0.0098325,67
2018-03-28T14:20:03.000+01:00,51.5159218,-0.0098325,67
2018-03-28T14:20:04.000+01:00,51.5159218,-0.0098325,67
2018-03-28T14:20:05.000+01:00,51.5159218,-0.0098325,67
2018-03-28T14:20:06.000+01:00,51.5159218,-0.0098325,67
2018-03-28T14:20:07.000+01:00,51.5159218,-0.0098325,67
2018-03-28T14:20:08.000+01:00,51.5159218,-0.0098325,68
2018-03-28T14:20:09.000+01:00,51.5159218,-0.0098325,67
2018-03-28T14:20:10.000+01:00,51.5159218,-0.0098325,67
2018-03-28T14:20:11.000+01:00,51.5159218,-0.0098325,67
2018-03-28T14:20:12.000+01:00,51.5159218,-0.0098325,67
2018-03-28T14:20:13.000+01:00,51.5159218,-0.0098325,67
2018-03-28T14:20:14.000+01:00,51.5159218,-0.0098325,67
2018-03-28T14:20:15.000+01:00,51.5159218,-0.0098325,67
2018-03-28T14:20:17.000+01:00,51.5159218,-0.0098325,67
2018-03-28T14:20:17.000+01:00,51.5159218,-0.0098325,68
2018-03-28T14:20:19.000+01:00,51.5159218,-0.0098325,67
2018-03-28T14:20:19.000+01:00,51.5159218,-0.0098325,67
2018-03-28T14:20:20.000+01:00,51.5159218,-0.0098325,67
2018-03-28T14:20:21.000+01:00,51.5159218,-0.0098325,68
2018-03-28T14:20:22.000+01:00,51.5159234,-0.0098097,68
2018-03-28T14:20:23.000+01:00,51.5159234,-0.0098097,67
2018-03-28T14:20:24.000+01:00,51.5159234,-0.0098097,67
2018-03-28T14:20:25.000+01:00,51.5159234,-0.0098097,67
2018-03-28T14:20:26.000+01:00,51.5159234,-0.0098097,67
2018-03-28T14:20:27.000+01:00,51.5159234,-0.0098097,67
2018-03-28T14:20:28.000+01:00,51.5159234,-0.0098097,67
2018-03-28T14:20:29.000+01:00,51.5159234,-0.0098097,68
2018-03-28T14:20:30.000+01:00,51.5159234,-0.0098097,66
2018-03-28T14:20:31.000+01:00,51.5159234,-0.0098097,67
2018-03-28T14:20:32.000+01:00,51.5159234,-0.0098097,67
2018-03-28T14:20:33.000+01:00,51.5159234,-0.0098097,67
2018-03-28T14:20:34.000+01:00,51.5159234,-0.0098097,67
2018-03-28T14:20:35.000+01:00,51.5159234,-0.0098097,68
2018-03-28T14:20:36.000+01:00,51.5159234,-0.0098097,67
2018-03-28T14:20:37.000+01:00,51.5159234,-0.0098097,67
2018-03-28T14:20:38.000+01:00,51.5159234,-0.0098097,67
2018-03-28T14:20:39.000+01:00,51.5159234,-0.0098097,68
2018-03-28T14:20:40.000+01:00,51.5159234,-0.0098097,67
2018-03-28T14:20:41.000+01:00,51.5159234,-0.0098097,67
2018-03-28T14:20:42.000+01:00,51.5140304,-0.0095066,67
2018-03-28T14:20:43.000+01:00,51.5140304,-0.0095066,67
2018-03-28T14:20:44.000+01:00,51.5140304,-0.0095066,67
2018-03-28T14:20:45.000+01:00,51.5140304,-0.0095066,67
2018-03-28T14:20:46.000+01:00,51.5140304,-0.0095066,67
2018-03-28T14:20:47.000+01:00,51.5140304,-0.0095066,67
2018-03-28T14:20:48.000+01:00,51.5140304,-0.0095066,67
2018-03-28T14:20:49.000+01:00,51.5140304,-0.0095066,67
2018-03-28T14:20:50.000+01:00,51.5140304,-0.0095066,67
2018-03-28T14:20:51.000+01:00,51.5140304,-0.0095066,67
2018-03-28T14:20:52.000+01:00,51.5140304,-0.0095066,66
2018-03-28T14:20:53.000+01:00,51.5140304,-0.0095066,67
2018-03-28T14:20:54.000+01:00,51.5140304,-0.0095066,67
2018-03-28T14:20:55.000+01:00,51.5140304,-0.0095066,67
2018-03-28T14:20:56.000+01:00,51.5140304,-0.0095066,67
2018-03-28T14:20:57.000+01:00,51.5140304,-0.0095066,67
2018-03-28T14:20:59.000+01:00,51.5140304,-0.0095066,67
2018-03-28T14:20:59.000+01:00,51.5140304,-0.0095066,66
2018-03-28T14:21:00.000+01:00,51.5140304,-0.0095066,66
2018-03-28T14:21:01.000+01:00,51.5140304,-0.0095066,67
2018-03-28T14:21:02.000+01:00,51.5155576,-0.0094004,67
2018-03-28T14:21:03.000+01:00,51.5155576,-0.0094004,67
2018-03-28T14:21:04.000+01:00,51.5155576,-0.0094004,66
2018-03-28T14:21:05.000+01:00,51.5155576,-0.0094004,67
2018-03-28T14:21:06.000+01:00,51.5155576,-0.0094004,67
2018-03-28T14:21:07.000+01:00,51.5155576,-0.0094004,67
2018-03-28T14:21:08.000+01:00,51.5155576,-0.0094004,67
2018-03-28T14:21:09.000+01:00,51.5155576,-0.0094004,67
2018-03-28T14:21:10.000+01:00,51.5155576,-0.0094004,66
2018-03-28T14:21:11.000+01:00,51.5155576,-0.0094004,67
2018-03-28T14:21:12.000+01:00,51.5155576,-0.0094004,66
2018-03-28T14:21:13.000+01:00,51.5155576,-0.0094004,67
2018-03-28T14:21:14.000+01:00,51.5155576,-0.0094004,67
2018-03-28T14:21:15.000+01:00,51.5155576,-0.0094004,66
2018-03-28T14:21:16.000+01:00,51.5155576,-0.0094004,67
2018-03-28T14:21:17.000+01:00,51.5155576,-0.0094004,67
2018-03-28T14:21:18.000+01:00,51.5155576,-0.0094004,66
2018-03-28T14:21:19.000+01:00,51.5155576,-0.0094004,67
2018-03-28T14:21:20.000+01:00,51.5155576,-0.0094004,67
2018-03-28T14:21:21.000+01:00,51.5155576,-0.0094004,67
2018-03-28T14:21:22.000+01:00,51.5155576,-0.0094004,66
2018-03-28T14:21:24.000+01:00,51.5155576,-0.0094004,67
2018-03-28T14:21:24.000+01:00,51.5155576,-0.0094004,66
2018-03-28T14:21:25.000+01:00,51.5155576,-0.0094004,66
2018-03-28T14:21:26.000+01:00,51.5155576,-0.0094004,67
2018-03-28T14:21:27.000+01:00,51.5155576,-0.0094004,67
2018-03-28T14:21:28.000+01:00,51.5155576,-0.0094004,66
2018-03-28T14:21:29.000+01:00,51.5155576,-0.0094004,67
2018-03-28T14:21:30.000+01:00,51.5155576,-0.0094004,67
2018-03-28T14:21:31.000+01:00,51.5155576,-0.0094004,67
2018-03-28T14:21:32.000+01:00,51.5155576,-0.0094004,66
2018-03-28T14:21:33.000+01:00,51.5155576,-0.0094004,67
2018-03-28T14:21:34.000+01:00,51.5155576,-0.0094004,66
2018-03-28T14:21:35.000+01:00,51.5155576,-0.0094004,66
2018-03-28T14:21:36.000+01:00,51.5155576,-0.0094004,67
2018-03-28T14:21:37.000+01:00,51.5155576,-0.0094004,67
2018-03-28T14:21:38.000+01:00,51.5155576,-0.0094004,67
2018-03-28T14:21:39.000+01:00,51.5155576,-0.0094004,66
2018-03-28T14:21:40.000+01:00,51.5155576,-0.0094004,66
2018-03-28T14:21:41.000+01:00,51.5155576,-0.0094004,66
2018-03-28T14:21:42.000+01:00,51.5155576,-0.0094004,66
2018-03-28T14:21:43.000+01:00,51.5155576,-0.0094004,66
2018-03-28T14:21:45.000+01:00,51.5155576,-0.0094004,66
2018-03-28T14:21:45.000+01:00,51.5155576,-0.0094004,67
2018-03-28T14:21:46.000+01:00,51.5155576,-0.0094004,66
2018-03-28T14:21:47.000+01:00,51.5155576,-0.0094004,66
2018-03-28T14:21:48.000+01:00,51.5155576,-0.0094004,67
2018-03-28T14:21:49.000+01:00,51.5155576,-0.0094004,67
2018-03-28T14:21:50.000+01:00,51.5155576,-0.0094004,66
2018-03-28T14:21:51.000+01:00,51.5155576,-0.0094004,66
2018-03-28T14:21:52.000+01:00,51.5155576,-0.0094004,66
2018-03-28T14:21:53.000+01:00,51.5155576,-0.0094004,67
2018-03-28T14:21:54.000+01:00,51.5155576,-0.0094004,66
2018-03-28T14:21:55.000+01:00,51.5155576,-0.0094004,66
2018-03-28T14:21:56.000+01:00,51.5155576,-0.0094004,66
2018-03-28T14:21:57.000+01:00,51.5155576,-0.0094004,66
2018-03-28T14:21:58.000+01:00,51.5155576,-0.0094004,66
2018-03-28T14:21:59.000+01:00,51.5155576,-0.0094004,66
2018-03-28T14:22:00.000+01:00,51.5155576,-0.0094004,66
2018-03-28T14:22:01.000+01:00,51.5155576,-0.0094004,66
2018-03-28T14:22:02.000+01:00,51.515566,-0.0094178,65
2018-03-28T14:22:03.000+01:00,51.515566,-0.0094178,65
2018-03-28T14:22:04.000+01:00,51.515566,-0.0094178,67
2018-03-28T14:22:05.000+01:00,51.515566,-0.0094178,66
2018-03-28T14:22:06.000+01:00,51.515566,-0.0094178,66
2018-03-28T14:22:07.000+01:00,51.515566,-0.0094178,66
2018-03-28T14:22:08.000+01:00,51.515566,-0.0094178,66
2018-03-28T14:22:09.000+01:00,51.515566,-0.0094178,66
2018-03-28T14:22:10.000+01:00,51.515566,-0.0094178,66
2018-03-28T14:22:11.000+01:00,51.515566,-0.0094178,65
2018-03-28T14:22:12.000+01:00,51.515566,-0.0094178,66
2018-03-28T14:22:13.000+01:00,51.515566,-0.0094178,65
2018-03-28T14:22:14.000+01:00,51.515566,-0.0094178,66
2018-03-28T14:22:15.000+01:00,51.515566,-0.0094178,66
2018-03-28T14:22:16.000+01:00,51.515566,-0.0094178,66
2018-03-28T14:22:17.000+01:00,51.515566,-0.0094178,66
2018-03-28T14:22:18.000+01:00,51.515566,-0.0094178,66
2018-03-28T14:22:19.000+01:00,51.515566,-0.0094178,65
2018-03-28T14:22:20.000+01:00,51.515566,-0.0094178,66
2018-03-28T14:22:21.000+01:00,51.515566,-0.0094178,65
2018-03-28T14:22:22.000+01:00,51.515566,-0.0094178,66
2018-03-28T14:22:23.000+01:00,51.515566,-0.0094178,65
2018-03-28T14:22:24.000+01:00,51.515566,-0.0094178,66
2018-03-28T14:22:25.000+01:00,51.515566,-0.0094178,66
2018-03-28T14:22:26.000+01:00,51.515566,-0.0094178,66
2018-03-28T14:22:27.000+01:00,51.515566,-0.0094178,65
2018-03-28T14:22:28.000+01:00,51.515566,-0.0094178,65
2018-03-28T14:22:29.000+01:00,51.515566,-0.0094178,66
2018-03-28T14:22:30.000+01:00,51.515566,-0.0094178,66
2018-03-28T14:22:31.000+01:00,51.515566,-0.0094178,65
2018-03-28T14:22:32.000+01:00,51.515566,-0.0094178,65
2018-03-28T14:22:34.000+01:00,51.515566,-0.0094178,65
2018-03-28T14:22:34.000+01:00,51.515566,-0.0094178,65
2018-03-28T14:22:35.000+01:00,51.515566,-0.0094178,66
2018-03-28T14:22:36.000+01:00,51.515566,-0.0094178,65
2018-03-28T14:22:37.000+01:00,51.515566,-0.0094178,65
2018-03-28T14:22:38.000+01:00,51.515566,-0.0094178,66
2018-03-28T14:22:39.000+01:00,51.515566,-0.0094178,65
2018-03-28T14:22:40.000+01:00,51.515566,-0.0094178,65
2018-03-28T14:22:41.000+01:00,51.515566,-0.0094178,65
2018-03-28T14:22:42.000+01:00,51.5155381,-0.009476,65
2018-03-28T14:22:43.000+01:00,51.5155381,-0.009476,66
2018-03-28T14:22:44.000+01:00,51.5155381,-0.009476,65
2018-03-28T14:22:45.000+01:00,51.5155381,-0.009476,66
2018-03-28T14:22:46.000+01:00,51.5155381,-0.009476,65
2018-03-28T14:22:47.000+01:00,51.5155381,-0.009476,65
2018-03-28T14:22:49.000+01:00,51.5155381,-0.009476,65
2018-03-28T14:22:49.000+01:00,51.5155381,-0.009476,65
2018-03-28T14:22:50.000+01:00,51.5155381,-0.009476,66
2018-03-28T14:22:51.000+01:00,51.5155381,-0.009476,65
2018-03-28T14:22:52.000+01:00,51.5155381,-0.009476,65
2018-03-28T14:22:53.000+01:00,51.5155381,-0.009476,66
2018-03-28T14:22:54.000+01:00,51.5155381,-0.009476,66
2018-03-28T14:22:55.000+01:00,51.5155381,-0.009476,66
2018-03-28T14:22:56.000+01:00,51.5155381,-0.009476,65
2018-03-28T14:22:57.000+01:00,51.5155381,-0.009476,65
2018-03-28T14:22:58.000+01:00,51.5155381,-0.009476,65
2018-03-28T14:22:59.000+01:00,51.5155381,-0.009476,65
2018-03-28T14:23:00.000+01:00,51.5155381,-0.009476,65
2018-03-28T14:23:01.000+01:00,51.5155381,-0.009476,65
2018-03-28T14:23:02.000+01:00,51.5152792,-0.0100343,65
2018-03-28T14:23:03.000+01:00,51.5152792,-0.0100343,65
2018-03-28T14:23:04.000+01:00,51.5152792,-0.0100343,66
2018-03-28T14:23:05.000+01:00,51.5152792,-0.0100343,65
2018-03-28T14:23:06.000+01:00,51.5152792,-0.0100343,66
2018-03-28T14:23:07.000+01:00,51.5152792,-0.0100343,66
2018-03-28T14:23:08.000+01:00,51.5152792,-0.0100343,66
2018-03-28T14:23:09.000+01:00,51.5152792,-0.0100343,66
2018-03-28T14:23:10.000+01:00,51.5152792,-0.0100343,65
2018-03-28T14:23:11.000+01:00,51.5152792,-0.0100343,65
2018-03-28T14:23:12.000+01:00,51.5152792,-0.0100343,65
2018-03-28T14:23:13.000+01:00,51.5152792,-0.0100343,65
2018-03-28T14:23:14.000+01:00,51.5152792,-0.0100343,64
2018-03-28T14:23:16.000+01:00,51.5152792,-0.0100343,65
2018-03-28T14:23:16.000+01:00,51.5152792,-0.0100343,65
2018-03-28T14:23:17.000+01:00,51.5152792,-0.0100343,65
2018-03-28T14:23:18.000+01:00,51.5152792,-0.0100343,65
2018-03-28T14:23:20.000+01:00,51.5152792,-0.0100343,65
2018-03-28T14:23:20.000+01:00,51.5152792,-0.0100343,64
2018-03-28T14:23:21.000+01:00,51.5152792,-0.0100343,65
2018-03-28T14:23:22.000+01:00,51.5152427,-0.0101051,66
2018-03-28T14:23:23.000+01:00,51.5152427,-0.0101051,64
2018-03-28T14:23:24.000+01:00,51.5152427,-0.0101051,65
2018-03-28T14:23:25.000+01:00,51.5152427,-0.0101051,65
2018-03-28T14:23:26.000+01:00,51.5152427,-0.0101051,65
2018-03-28T14:23:28.000+01:00,51.5152427,-0.0101051,65
2018-03-28T14:23:29.000+01:00,51.5152427,-0.0101051,65
2018-03-28T14:23:29.000+01:00,51.5152427,-0.0101051,65
2018-03-28T14:23:31.000+01:00,51.5152427,-0.0101051,65
2018-03-28T14:23:31.000+01:00,51.5152427,-0.0101051,65
2018-03-28T14:23:32.000+01:00,51.5152427,-0.0101051,64
2018-03-28T14:23:33.000+01:00,51.5152427,-0.0101051,64
2018-03-28T14:23:34.000+01:00,51.5152427,-0.0101051,65
2018-03-28T14:23:35.000+01:00,51.5152427,-0.0101051,65
2018-03-28T14:23:36.000+01:00,51.5152427,-0.0101051,65
2018-03-28T14:23:37.000+01:00,51.5152427,-0.0101051,64
2018-03-28T14:23:38.000+01:00,51.5152427,-0.0101051,65
2018-03-28T14:23:39.000+01:00,51.5152427,-0.0101051,65
2018-03-28T14:23:41.000+01:00,51.5152427,-0.0101051,66
2018-03-28T14:23:41.000+01:00,51.5152427,-0.0101051,64
2018-03-28T14:23:42.000+01:00,51.5152427,-0.0101051,65
2018-03-28T14:23:43.000+01:00,51.5152427,-0.0101051,64
2018-03-28T14:23:44.000+01:00,51.5151772,-0.0103173,64
2018-03-28T14:23:45.000+01:00,51.5151772,-0.0103173,65
2018-03-28T14:23:46.000+01:00,51.5151772,-0.0103173,64
2018-03-28T14:23:47.000+01:00,51.5151772,-0.0103173,65
2018-03-28T14:23:48.000+01:00,51.5151772,-0.0103173,64
2018-03-28T14:23:49.000+01:00,51.5151772,-0.0103173,65
2018-03-28T14:23:50.000+01:00,51.5151772,-0.0103173,65
2018-03-28T14:23:51.000+01:00,51.5151772,-0.0103173,64
2018-03-28T14:23:52.000+01:00,51.5151772,-0.0103173,65
2018-03-28T14:23:53.000+01:00,51.5151772,-0.0103173,65
2018-03-28T14:23:54.000+01:00,51.5151772,-0.0103173,65
2018-03-28T14:23:55.000+01:00,51.5151772,-0.0103173,65
2018-03-28T14:23:56.000+01:00,51.5151772,-0.0103173,65
2018-03-28T14:23:57.000+01:00,51.5151772,-0.0103173,65
2018-03-28T14:23:58.000+01:00,51.5151772,-0.0103173,64
2018-03-28T14:24:00.000+01:00,51.5151772,-0.0103173,64
2018-03-28T14:24:00.000+01:00,51.5151772,-0.0103173,65
2018-03-28T14:24:01.000+01:00,51.5151772,-0.0103173,64
2018-03-28T14:24:02.000+01:00,51.5151772,-0.0103173,64
2018-03-28T14:24:04.000+01:00,51.5151772,-0.0103173,64
2018-03-28T14:24:04.000+01:00,51.5150583,-0.01067,64
2018-03-28T14:24:05.000+01:00,51.5150583,-0.01067,65
2018-03-28T14:24:06.000+01:00,51.5150583,-0.01067,64
2018-03-28T14:24:07.000+01:00,51.5150583,-0.01067,64
2018-03-28T14:24:08.000+01:00,51.5150583,-0.01067,64
2018-03-28T14:24:09.000+01:00,51.5150583,-0.01067,63
2018-03-28T14:24:10.000+01:00,51.5150583,-0.01067,64
2018-03-28T14:24:11.000+01:00,51.5150583,-0.01067,64
2018-03-28T14:24:12.000+01:00,51.5150583,-0.01067,64
2018-03-28T14:24:13.000+01:00,51.5150583,-0.01067,64
2018-03-28T14:24:14.000+01:00,51.5150583,-0.01067,65
2018-03-28T14:24:15.000+01:00,51.5150583,-0.01067,64
2018-03-28T14:24:16.000+01:00,51.5150583,-0.01067,64
2018-03-28T14:24:17.000+01:00,51.5150583,-0.01067,64
2018-03-28T14:24:18.000+01:00,51.5150583,-0.01067,64
2018-03-28T14:24:19.000+01:00,51.5150583,-0.01067,65
2018-03-28T14:24:20.000+01:00,51.5150583,-0.01067,65
2018-03-28T14:24:21.000+01:00,51.5150583,-0.01067,65
2018-03-28T14:24:22.000+01:00,51.5150583,-0.01067,65
2018-03-28T14:24:23.000+01:00,51.5150583,-0.01067,64
2018-03-28T14:24:24.000+01:00,51.5150399,-0.0107078,65
2018-03-28T14:24:25.000+01:00,51.5150399,-0.0107078,64
2018-03-28T14:24:26.000+01:00,51.5150399,-0.0107078,64
2018-03-28T14:24:27.000+01:00,51.5150399,-0.0107078,64
2018-03-28T14:24:28.000+01:00,51.5150399,-0.0107078,64
2018-03-28T14:24:29.000+01:00,51.5150399,-0.0107078,64
2018-03-28T14:24:30.000+01:00,51.5150399,-0.0107078,64
2018-03-28T14:24:32.000+01:00,51.5150399,-0.0107078,64
2018-03-28T14:24:32.000+01:00,51.5150399,-0.0107078,65
2018-03-28T14:24:33.000+01:00,51.5150399,-0.0107078,64
2018-03-28T14:24:34.000+01:00,51.5150399,-0.0107078,65
2018-03-28T14:24:35.000+01:00,51.5150399,-0.0107078,65
2018-03-28T14:24:36.000+01:00,51.5150399,-0.0107078,64
2018-03-28T14:24:37.000+01:00,51.5150399,-0.0107078,64
2018-03-28T14:24:39.000+01:00,51.5150399,-0.0107078,64
2018-03-28T14:24:39.000+01:00,51.5150399,-0.0107078,64
2018-03-28T14:24:40.000+01:00,51.5150399,-0.0107078,64
2018-03-28T14:24:41.000+01:00,51.5150399,-0.0107078,64
2018-03-28T14:24:42.000+01:00,51.5150399,-0.0107078,64
2018-03-28T14:24:43.000+01:00,51.5150399,-0.0107078,64
2018-03-28T14:24:45.000+01:00,51.5157396,-0.0111392,64
2018-03-28T14:24:45.000+01:00,51.5157396,-0.0111392,64
2018-03-28T14:24:46.000+01:00,51.5157396,-0.0111392,64
2018-03-28T14:24:47.000+01:00,51.5157396,-0.0111392,64
2018-03-28T14:24:48.000+01:00,51.5157396,-0.0111392,65
2018-03-28T14:24:49.000+01:00,51.5157396,-0.0111392,64
2018-03-28T14:24:50.000+01:00,51.5157396,-0.0111392,64
2018-03-28T14:24:51.000+01:00,51.5157396,-0.0111392,65
2018-03-28T14:24:52.000+01:00,51.5157396,-0.0111392,65
2018-03-28T14:24:54.000+01:00,51.5157396,-0.0111392,64
2018-03-28T14:24:54.000+01:00,51.5157396,-0.0111392,64
2018-03-28T14:24:56.000+01:00,51.5157396,-0.0111392,64
2018-03-28T14:24:56.000+01:00,51.5157396,-0.0111392,64
2018-03-28T14:24:57.000+01:00,51.5157396,-0.0111392,64
2018-03-28T14:24:58.000+01:00,51.5157396,-0.0111392,64
2018-03-28T14:24:59.000+01:00,51.5157396,-0.0111392,64
2018-03-28T14:25:00.000+01:00,51.5157396,-0.0111392,64
2018-03-28T14:25:01.000+01:00,51.5157396,-0.0111392,63
2018-03-28T14:25:02.000+01:00,51.5157396,-0.0111392,64
2018-03-28T14:25:03.000+01:00,51.5157396,-0.0111392,64
2018-03-28T14:25:04.000+01:00,51.515921,-0.0113229,64
2018-03-28T14:25:05.000+01:00,51.515921,-0.0113229,64
2018-03-28T14:25:06.000+01:00,51.515921,-0.0113229,63
2018-03-28T14:25:07.000+01:00,51.515921,-0.0113229,63
2018-03-28T14:25:08.000+01:00,51.515921,-0.0113229,64
2018-03-28T14:25:09.000+01:00,51.515921,-0.0113229,64
2018-03-28T14:25:10.000+01:00,51.515921,-0.0113229,64
2018-03-28T14:25:11.000+01:00,51.515921,-0.0113229,64
2018-03-28T14:25:12.000+01:00,51.515921,-0.0113229,64
2018-03-28T14:25:13.000+01:00,51.515921,-0.0113229,64
2018-03-28T14:25:14.000+01:00,51.515921,-0.0113229,64
2018-03-28T14:25:15.000+01:00,51.515921,-0.0113229,63
2018-03-28T14:25:16.000+01:00,51.515921,-0.0113229,64
2018-03-28T14:25:18.000+01:00,51.515921,-0.0113229,64
2018-03-28T14:25:18.000+01:00,51.515921,-0.0113229,64
2018-03-28T14:25:19.000+01:00,51.515921,-0.0113229,64
2018-03-28T14:25:20.000+01:00,51.515921,-0.0113229,64
2018-03-28T14:25:21.000+01:00,51.515921,-0.0113229,64
2018-03-28T14:25:22.000+01:00,51.515921,-0.0113229,65
2018-03-28T14:25:23.000+01:00,51.515921,-0.0113229,64
2018-03-28T14:25:24.000+01:00,51.515921,-0.0113229,64
2018-03-28T14:25:25.000+01:00,51.515921,-0.0113229,64
2018-03-28T14:25:26.000+01:00,51.515921,-0.0113229,64
2018-03-28T14:25:27.000+01:00,51.515921,-0.0113229,64
2018-03-28T14:25:28.000+01:00,51.515921,-0.0113229,64
2018-03-28T14:25:29.000+01:00,51.515921,-0.0113229,63
2018-03-28T14:25:30.000+01:00,51.515921,-0.0113229,64
2018-03-28T14:25:32.000+01:00,51.515921,-0.0113229,64
2018-03-28T14:25:32.000+01:00,51.515921,-0.0113229,64
2018-03-28T14:25:33.000+01:00,51.515921,-0.0113229,63
2018-03-28T14:25:34.000+01:00,51.515921,-0.0113229,64
2018-03-28T14:25:36.000+01:00,51.515921,-0.0113229,64
2018-03-28T14:25:36.000+01:00,51.515921,-0.0113229,64
2018-03-28T14:25:37.000+01:00,51.515921,-0.0113229,63
2018-03-28T14:25:38.000+01:00,51.515921,-0.0113229,64
2018-03-28T14:25:39.000+01:00,51.515921,-0.0113229,65
2018-03-28T14:25:40.000+01:00,51.515921,-0.0113229,64
2018-03-28T14:25:41.000+01:00,51.515921,-0.0113229,64
2018-03-28T14:25:43.000+01:00,51.515921,-0.0113229,64
2018-03-28T14:25:43.000+01:00,51.515921,-0.0113229,64
2018-03-28T14:25:44.000+01:00,51.5159757,-0.0113151,65
2018-03-28T14:25:45.000+01:00,51.5159757,-0.0113151,64
2018-03-28T14:25:46.000+01:00,51.5159757,-0.0113151,64
2018-03-28T14:25:47.000+01:00,51.5159757,-0.0113151,64
2018-03-28T14:25:48.000+01:00,51.5159757,-0.0113151,63
2018-03-28T14:25:49.000+01:00,51.5159757,-0.0113151,64
2018-03-28T14:25:50.000+01:00,51.5159757,-0.0113151,64
2018-03-28T14:25:51.000+01:00,51.5159757,-0.0113151,64
2018-03-28T14:25:52.000+01:00,51.5159757,-0.0113151,63
2018-03-28T14:25:54.000+01:00,51.5159757,-0.0113151,64
2018-03-28T14:25:55.000+01:00,51.5159757,-0.0113151,64
2018-03-28T14:25:55.000+01:00,51.5159757,-0.0113151,64
2018-03-28T14:25:56.000+01:00,51.5159757,-0.0113151,64
2018-03-28T14:25:57.000+01:00,51.5159757,-0.0113151,64
2018-03-28T14:25:58.000+01:00,51.5159757,-0.0113151,64
2018-03-28T14:26:00.000+01:00,51.5159757,-0.0113151,64
2018-03-28T14:26:00.000+01:00,51.5159757,-0.0113151,65
2018-03-28T14:26:01.000+01:00,51.5159757,-0.0113151,64
2018-03-28T14:26:02.000+01:00,51.5159757,-0.0113151,64
2018-03-28T14:26:03.000+01:00,51.5159757,-0.0113151,64
2018-03-28T14:26:04.000+01:00,51.5159223,-0.0113193,64
2018-03-28T14:26:05.000+01:00,51.5159223,-0.0113193,64
2018-03-28T14:26:06.000+01:00,51.5159223,-0.0113193,64
2018-03-28T14:26:07.000+01:00,51.5159223,-0.0113193,64
2018-03-28T14:26:08.000+01:00,51.5159223,-0.0113193,63
2018-03-28T14:26:09.000+01:00,51.5159223,-0.0113193,64
2018-03-28T14:26:10.000+01:00,51.5159223,-0.0113193,64
2018-03-28T14:26:11.000+01:00,51.5159223,-0.0113193,64
2018-03-28T14:26:12.000+01:00,51.5159223,-0.0113193,64
2018-03-28T14:26:13.000+01:00,51.5159223,-0.0113193,64
2018-03-28T14:26:14.000+01:00,51.5159223,-0.0113193,64
2018-03-28T14:26:15.000+01:00,51.5159223,-0.0113193,64
2018-03-28T14:26:16.000+01:00,51.5159223,-0.0113193,64
2018-03-28T14:26:17.000+01:00,51.5159223,-0.0113193,64
2018-03-28T14:26:18.000+01:00,51.5159223,-0.0113193,64
2018-03-28T14:26:19.000+01:00,51.5159223,-0.0113193,63
2018-03-28T14:26:20.000+01:00,51.5159223,-0.0113193,64
2018-03-28T14:26:21.000+01:00,51.515922,-0.0113386,64
2018-03-28T14:26:22.000+01:00,51.515922,-0.0113386,64
2018-03-28T14:26:23.000+01:00,51.515922,-0.0113386,64
2018-03-28T14:26:24.000+01:00,51.515922,-0.0113386,64
2018-03-28T14:26:25.000+01:00,51.515922,-0.0113386,64
2018-03-28T14:26:26.000+01:00,51.515922,-0.0113386,64
2018-03-28T14:26:27.000+01:00,51.515922,-0.0113386,64
2018-03-28T14:26:28.000+01:00,51.515922,-0.0113386,64
2018-03-28T14:26:29.000+01:00,51.515922,-0.0113386,64
2018-03-28T14:26:30.000+01:00,51.515922,-0.0113386,64
2018-03-28T14:26:31.000+01:00,51.515922,-0.0113386,63
2018-03-28T14:26:32.000+01:00,51.515922,-0.0113386,64
2018-03-28T14:26:33.000+01:00,51.515922,-0.0113386,64
2018-03-28T14:26:34.000+01:00,51.515922,-0.0113386,64
2018-03-28T14:26:35.000+01:00,51.515922,-0.0113386,64
2018-03-28T14:26:36.000+01:00,51.515922,-0.0113386,64
2018-03-28T14:26:37.000+01:00,51.515922,-0.0113386,64
2018-03-28T14:26:38.000+01:00,51.515922,-0.0113386,64
2018-03-28T14:26:39.000+01:00,51.515922,-0.0113386,64
2018-03-28T14:26:40.000+01:00,51.515922,-0.0113386,64
2018-03-28T14:26:41.000+01:00,51.515922,-0.0113386,64
2018-03-28T14:26:42.000+01:00,51.5159227,-0.0113231,65
2018-03-28T14:26:43.000+01:00,51.5159227,-0.0113231,64
2018-03-28T14:26:44.000+01:00,51.5159227,-0.0113231,64
2018-03-28T14:26:45.000+01:00,51.5159227,-0.0113231,64
2018-03-28T14:26:46.000+01:00,51.5159227,-0.0113231,63
2018-03-28T14:26:47.000+01:00,51.5159227,-0.0113231,64
2018-03-28T14:26:48.000+01:00,51.5159227,-0.0113231,64
2018-03-28T14:26:49.000+01:00,51.5159227,-0.0113231,64
2018-03-28T14:26:50.000+01:00,51.5159227,-0.0113231,64
2018-03-28T14:26:51.000+01:00,51.5159227,-0.0113231,64
2018-03-28T14:26:52.000+01:00,51.5159227,-0.0113231,64
2018-03-28T14:26:53.000+01:00,51.5159227,-0.0113231,64
2018-03-28T14:26:54.000+01:00,51.5159227,-0.0113231,64
2018-03-28T14:26:55.000+01:00,51.5159227,-0.0113231,64
2018-03-28T14:26:56.000+01:00,51.5159227,-0.0113231,64
2018-03-28T14:26:57.000+01:00,51.5159227,-0.0113231,64
2018-03-28T14:26:58.000+01:00,51.5159227,-0.0113231,64
2018-03-28T14:26:59.000+01:00,51.5159227,-0.0113231,63
2018-03-28T14:27:00.000+01:00,51.5159227,-0.0113231,64
2018-03-28T14:27:01.000+01:00,51.5159227,-0.0113231,64
2018-03-28T14:27:02.000+01:00,51.5159213,-0.0113259,64
2018-03-28T14:27:03.000+01:00,51.5159213,-0.0113259,64
2018-03-28T14:27:05.000+01:00,51.5159213,-0.0113259,65
2018-03-28T14:27:05.000+01:00,51.5159213,-0.0113259,65
2018-03-28T14:27:06.000+01:00,51.5159213,-0.0113259,64
2018-03-28T14:27:07.000+01:00,51.5159213,-0.0113259,64
2018-03-28T14:27:08.000+01:00,51.5159213,-0.0113259,64
2018-03-28T14:27:09.000+01:00,51.5159213,-0.0113259,64
2018-03-28T14:27:10.000+01:00,51.5159213,-0.0113259,65
2018-03-28T14:27:11.000+01:00,51.5159213,-0.0113259,64
2018-03-28T14:27:12.000+01:00,51.5159213,-0.0113259,64
2018-03-28T14:27:13.000+01:00,51.5159213,-0.0113259,65
2018-03-28T14:27:14.000+01:00,51.5159213,-0.0113259,64
2018-03-28T14:27:15.000+01:00,51.5159213,-0.0113259,63
2018-03-28T14:27:17.000+01:00,51.5159213,-0.0113259,65
2018-03-28T14:27:17.000+01:00,51.5159213,-0.0113259,64
2018-03-28T14:27:19.000+01:00,51.5159213,-0.0113259,64
2018-03-28T14:27:19.000+01:00,51.5159213,-0.0113259,65
2018-03-28T14:27:20.000+01:00,51.5159213,-0.0113259,64
2018-03-28T14:27:21.000+01:00,51.5159213,-0.0113259,64
2018-03-28T14:27:22.000+01:00,51.5158472,-0.0116185,64
2018-03-28T14:27:23.000+01:00,51.5158472,-0.0116185,64
2018-03-28T14:27:24.000+01:00,51.5158472,-0.0116185,64
2018-03-28T14:27:25.000+01:00,51.5158472,-0.0116185,64
2018-03-28T14:27:26.000+01:00,51.5158472,-0.0116185,64
2018-03-28T14:27:27.000+01:00,51.5158472,-0.0116185,63
2018-03-28T14:27:28.000+01:00,51.5158472,-0.0116185,64
2018-03-28T14:27:29.000+01:00,51.5158472,-0.0116185,64
2018-03-28T14:27:30.000+01:00,51.5158472,-0.0116185,64
2018-03-28T14:27:31.000+01:00,51.5158472,-0.0116185,64
2018-03-28T14:27:32.000+01:00,51.5158472,-0.0116185,65
2018-03-28T14:27:33.000+01:00,51.5158472,-0.0116185,64
2018-03-28T14:27:35.000+01:00,51.5158472,-0.0116185,64
2018-03-28T14:27:35.000+01:00,51.5158472,-0.0116185,64
2018-03-28T14:27:36.000+01:00,51.5158472,-0.0116185,64
2018-03-28T14:27:37.000+01:00,51.5158472,-0.0116185,64
2018-03-28T14:27:38.000+01:00,51.5158472,-0.0116185,64
2018-03-28T14:27:39.000+01:00,51.5158472,-0.0116185,64
2018-03-28T14:27:40.000+01:00,51.5158472,-0.0116185,64
2018-03-28T14:27:41.000+01:00,51.5158472,-0.0116185,64
2018-03-28T14:27:42.000+01:00,51.5159171,-0.011595,64
2018-03-28T14:27:44.000+01:00,51.5159171,-0.011595,64
2018-03-28T14:27:44.000+01:00,51.5159171,-0.011595,64
2018-03-28T14:27:45.000+01:00,51.5159171,-0.011595,64
2018-03-28T14:27:46.000+01:00,51.5159171,-0.011595,64
2018-03-28T14:27:47.000+01:00,51.5159171,-0.011595,64
2018-03-28T14:27:48.000+01:00,51.5159171,-0.011595,64
2018-03-28T14:27:49.000+01:00,51.5159171,-0.011595,63
2018-03-28T14:27:50.000+01:00,51.5159171,-0.011595,64
2018-03-28T14:27:51.000+01:00,51.5159171,-0.011595,64
2018-03-28T14:27:53.000+01:00,51.5159171,-0.011595,64
2018-03-28T14:27:53.000+01:00,51.5159171,-0.011595,64
2018-03-28T14:27:54.000+01:00,51.5159171,-0.011595,64
2018-03-28T14:27:55.000+01:00,51.5159171,-0.011595,64
2018-03-28T14:27:56.000+01:00,51.5159171,-0.011595,64
2018-03-28T14:27:57.000+01:00,51.5159171,-0.011595,64
2018-03-28T14:27:58.000+01:00,51.5159171,-0.011595,64
2018-03-28T14:27:59.000+01:00,51.5159171,-0.011595,64
2018-03-28T14:28:00.000+01:00,51.5159171,-0.011595,63
2018-03-28T14:28:01.000+01:00,51.5159171,-0.011595,64
2018-03-28T14:28:02.000+01:00,51.5161396,-0.012016,64
2018-03-28T14:28:03.000+01:00,51.5161396,-0.012016,64
2018-03-28T14:28:04.000+01:00,51.5161396,-0.012016,64
2018-03-28T14:28:05.000+01:00,51.5161396,-0.012016,64
2018-03-28T14:28:06.000+01:00,51.5161396,-0.012016,65
2018-03-28T14:28:07.000+01:00,51.5161396,-0.012016,64
2018-03-28T14:28:08.000+01:00,51.5161396,-0.012016,64
2018-03-28T14:28:09.000+01:00,51.5161396,-0.012016,64
2018-03-28T14:28:10.000+01:00,51.5161396,-0.012016,64
2018-03-28T14:28:11.000+01:00,51.5161396,-0.012016,64
2018-03-28T14:28:12.000+01:00,51.5161396,-0.012016,65
2018-03-28T14:28:13.000+01:00,51.5161396,-0.012016,64
2018-03-28T14:28:14.000+01:00,51.5161396,-0.012016,64
2018-03-28T14:28:15.000+01:00,51.5161396,-0.012016,64
2018-03-28T14:28:16.000+01:00,51.5161396,-0.012016,65
2018-03-28T14:28:17.000+01:00,51.5161396,-0.012016,64
2018-03-28T14:28:18.000+01:00,51.5161396,-0.012016,63
2018-03-28T14:28:19.000+01:00,51.5161396,-0.012016,64
2018-03-28T14:28:20.000+01:00,51.5161396,-0.012016,64
2018-03-28T14:28:21.000+01:00,51.5161396,-0.012016,64
2018-03-28T14:28:22.000+01:00,51.5163031,-0.0122102,64
2018-03-28T14:28:23.000+01:00,51.5163031,-0.0122102,64
2018-03-28T14:28:24.000+01:00,51.5163031,-0.0122102,64
2018-03-28T14:28:25.000+01:00,51.5163031,-0.0122102,64
2018-03-28T14:28:26.000+01:00,51.5163031,-0.0122102,64
2018-03-28T14:28:27.000+01:00,51.5163031,-0.0122102,64
2018-03-28T14:28:28.000+01:00,51.5163031,-0.0122102,65
2018-03-28T14:28:29.000+01:00,51.5163031,-0.0122102,64
2018-03-28T14:28:30.000+01:00,51.5163031,-0.0122102,64
2018-03-28T14:28:31.000+01:00,51.5163031,-0.0122102,64
2018-03-28T14:28:32.000+01:00,51.5163031,-0.0122102,64
2018-03-28T14:28:33.000+01:00,51.5163031,-0.0122102,64
2018-03-28T14:28:34.000+01:00,51.5163031,-0.0122102,64
2018-03-28T14:28:35.000+01:00,51.5163031,-0.0122102,64
2018-03-28T14:28:36.000+01:00,51.5163031,-0.0122102,64
2018-03-28T14:28:37.000+01:00,51.5163031,-0.0122102,63
2018-03-28T14:28:38.000+01:00,51.5163031,-0.0122102,64
2018-03-28T14:28:39.000+01:00,51.5163031,-0.0122102,64
2018-03-28T14:28:40.000+01:00,51.5163031,-0.0122102,64
2018-03-28T14:28:41.000+01:00,51.5163031,-0.0122102,64
2018-03-28T14:28:42.000+01:00,51.5163029,-0.0122255,64
2018-03-28T14:28:43.000+01:00,51.5163029,-0.0122255,64
2018-03-28T14:28:44.000+01:00,51.5163029,-0.0122255,64
2018-03-28T14:28:45.000+01:00,51.5163029,-0.0122255,63
2018-03-28T14:28:46.000+01:00,51.5163029,-0.0122255,64
2018-03-28T14:28:47.000+01:00,51.5163029,-0.0122255,64
2018-03-28T14:28:48.000+01:00,51.5163029,-0.0122255,64
2018-03-28T14:28:49.000+01:00,51.5163029,-0.0122255,64
2018-03-28T14:28:50.000+01:00,51.5163029,-0.0122255,64
2018-03-28T14:28:51.000+01:00,51.5163029,-0.0122255,64
2018-03-28T14:28:52.000+01:00,51.5163029,-0.0122255,64
2018-03-28T14:28:53.000+01:00,51.5163029,-0.0122255,64
2018-03-28T14:28:54.000+01:00,51.5163029,-0.0122255,64
2018-03-28T14:28:55.000+01:00,51.5163029,-0.0122255,64
2018-03-28T14:28:56.000+01:00,51.5163029,-0.0122255,64
2018-03-28T14:28:57.000+01:00,51.5163029,-0.0122255,63
2018-03-28T14:28:58.000+01:00,51.5163029,-0.0122255,64
2018-03-28T14:28:59.000+01:00,51.5163029,-0.0122255,64
2018-03-28T14:29:00.000+01:00,51.5163029,-0.0122255,64
2018-03-28T14:29:01.000+01:00,51.5163029,-0.0122255,64
2018-03-28T14:29:02.000+01:00,51.5165536,-0.0122914,64
2018-03-28T14:29:03.000+01:00,51.5165536,-0.0122914,64
2018-03-28T14:29:04.000+01:00,51.5165536,-0.0122914,64
2018-03-28T14:29:05.000+01:00,51.5165536,-0.0122914,64
2018-03-28T14:29:06.000+01:00,51.5165536,-0.0122914,64
2018-03-28T14:29:07.000+01:00,51.5165536,-0.0122914,64
2018-03-28T14:29:08.000+01:00,51.5165536,-0.0122914,63
2018-03-28T14:29:09.000+01:00,51.5165536,-0.0122914,64
2018-03-28T14:29:10.000+01:00,51.5165536,-0.0122914,63
2018-03-28T14:29:11.000+01:00,51.5165536,-0.0122914,63
2018-03-28T14:29:12.000+01:00,51.5165536,-0.0122914,65
2018-03-28T14:29:13.000+01:00,51.5165536,-0.0122914,63
2018-03-28T14:29:14.000+01:00,51.5165536,-0.0122914,64
2018-03-28T14:29:15.000+01:00,51.5165536,-0.0122914,64
2018-03-28T14:29:16.000+01:00,51.5165536,-0.0122914,64
2018-03-28T14:29:17.000+01:00,51.5165536,-0.0122914,64
2018-03-28T14:29:18.000+01:00,51.5165536,-0.0122914,65
2018-03-28T14:29:19.000+01:00,51.5165536,-0.0122914,64
2018-03-28T14:29:20.000+01:00,51.5165536,-0.0122914,63
2018-03-28T14:29:21.000+01:00,51.5165536,-0.0122914,65
2018-03-28T14:29:22.000+01:00,51.5168454,-0.0126475,64
2018-03-28T14:29:23.000+01:00,51.5168454,-0.0126475,65
2018-03-28T14:29:24.000+01:00,51.5168454,-0.0126475,64
2018-03-28T14:29:26.000+01:00,51.5168454,-0.0126475,63
2018-03-28T14:29:26.000+01:00,51.5168454,-0.0126475,64
2018-03-28T14:29:27.000+01:00,51.5168454,-0.0126475,64
2018-03-28T14:29:28.000+01:00,51.5168454,-0.0126475,65
2018-03-28T14:29:29.000+01:00,51.5168454,-0.0126475,64
2018-03-28T14:29:30.000+01:00,51.5168454,-0.0126475,64
2018-03-28T14:29:31.000+01:00,51.5168454,-0.0126475,64
2018-03-28T14:29:32.000+01:00,51.5168454,-0.0126475,64
2018-03-28T14:29:33.000+01:00,51.5168454,-0.0126475,64
2018-03-28T14:29:34.000+01:00,51.5168454,-0.0126475,64
2018-03-28T14:29:35.000+01:00,51.5168454,-0.0126475,64
2018-03-28T14:29:36.000+01:00,51.5168454,-0.0126475,64
2018-03-28T14:29:37.000+01:00,51.5168454,-0.0126475,64
2018-03-28T14:29:38.000+01:00,51.5168454,-0.0126475,64
2018-03-28T14:29:39.000+01:00,51.5168454,-0.0126475,63
2018-03-28T14:29:40.000+01:00,51.5168454,-0.0126475,64
2018-03-28T14:29:41.000+01:00,51.5168454,-0.0126475,64
2018-03-28T14:29:42.000+01:00,51.5168611,-0.0126844,64
2018-03-28T14:29:43.000+01:00,51.5168611,-0.0126844,63
2018-03-28T14:29:44.000+01:00,51.5168611,-0.0126844,64
2018-03-28T14:29:45.000+01:00,51.5168611,-0.0126844,64
2018-03-28T14:29:46.000+01:00,51.5168611,-0.0126844,64
2018-03-28T14:29:47.000+01:00,51.5168611,-0.0126844,63
2018-03-28T14:29:48.000+01:00,51.5168611,-0.0126844,64
2018-03-28T14:29:49.000+01:00,51.5168611,-0.0126844,64
2018-03-28T14:29:50.000+01:00,51.5168611,-0.0126844,63
2018-03-28T14:29:51.000+01:00,51.5168611,-0.0126844,64
2018-03-28T14:29:52.000+01:00,51.5168611,-0.0126844,63
2018-03-28T14:29:53.000+01:00,51.5168611,-0.0126844,64
2018-03-28T14:29:54.000+01:00,51.5168611,-0.0126844,63
2018-03-28T14:29:55.000+01:00,51.5168611,-0.0126844,63
2018-03-28T14:29:56.000+01:00,51.5168611,-0.0126844,64
2018-03-28T14:29:57.000+01:00,51.5168611,-0.0126844,64
2018-03-28T14:29:58.000+01:00,51.5168611,-0.0126844,65
2018-03-28T14:29:59.000+01:00,51.5168611,-0.0126844,63
2018-03-28T14:30:00.000+01:00,51.5168611,-0.0126844,64
2018-03-28T14:30:01.000+01:00,51.5168611,-0.0126844,63
2018-03-28T14:30:02.000+01:00,51.5168611,-0.0126844,64
2018-03-28T14:30:03.000+01:00,51.5172768,-0.012959,64
2018-03-28T14:30:04.000+01:00,51.5172768,-0.012959,64
2018-03-28T14:30:05.000+01:00,51.5172768,-0.012959,64
2018-03-28T14:30:06.000+01:00,51.5172768,-0.012959,64
2018-03-28T14:30:07.000+01:00,51.5172768,-0.012959,64
2018-03-28T14:30:08.000+01:00,51.5172768,-0.012959,63
2018-03-28T14:30:09.000+01:00,51.5172768,-0.012959,64
2018-03-28T14:30:10.000+01:00,51.5172768,-0.012959,63
2018-03-28T14:30:11.000+01:00,51.5172768,-0.012959,65
2018-03-28T14:30:12.000+01:00,51.5172768,-0.012959,63
2018-03-28T14:30:13.000+01:00,51.5172768,-0.012959,64
2018-03-28T14:30:14.000+01:00,51.5172768,-0.012959,63
2018-03-28T14:30:15.000+01:00,51.5172768,-0.012959,63
2018-03-28T14:30:16.000+01:00,51.5172768,-0.012959,63
2018-03-28T14:30:17.000+01:00,51.5172768,-0.012959,63
2018-03-28T14:30:18.000+01:00,51.5172768,-0.012959,63
2018-03-28T14:30:19.000+01:00,51.5172768,-0.012959,63
2018-03-28T14:30:20.000+01:00,51.5172768,-0.012959,64
2018-03-28T14:30:21.000+01:00,51.5172768,-0.012959,63
2018-03-28T14:30:22.000+01:00,51.5172768,-0.012959,63
2018-03-28T14:30:23.000+01:00,51.5173264,-0.0132575,64
2018-03-28T14:30:24.000+01:00,51.5173264,-0.0132575,64
2018-03-28T14:30:25.000+01:00,51.5173264,-0.0132575,63
2018-03-28T14:30:26.000+01:00,51.5173264,-0.0132575,63
2018-03-28T14:30:27.000+01:00,51.5173264,-0.0132575,65
2018-03-28T14:30:28.000+01:00,51.5173264,-0.0132575,64
2018-03-28T14:30:29.000+01:00,51.5173264,-0.0132575,64
2018-03-28T14:30:30.000+01:00,51.5173264,-0.0132575,64
2018-03-28T14:30:31.000+01:00,51.5173264,-0.0132575,63
2018-03-28T14:30:32.000+01:00,51.5173264,-0.0132575,64
2018-03-28T14:30:33.000+01:00,51.5173264,-0.0132575,64
2018-03-28T14:30:34.000+01:00,51.5173264,-0.0132575,64
2018-03-28T14:30:35.000+01:00,51.5173264,-0.0132575,63
2018-03-28T14:30:36.000+01:00,51.5173264,-0.0132575,63
2018-03-28T14:30:37.000+01:00,51.5173264,-0.0132575,63
2018-03-28T14:30:38.000+01:00,51.5173264,-0.0132575,64
2018-03-28T14:30:39.000+01:00,51.5173264,-0.0132575,64
2018-03-28T14:30:40.000+01:00,51.5173264,-0.0132575,63
2018-03-28T14:30:41.000+01:00,51.5173264,-0.0132575,64
2018-03-28T14:30:42.000+01:00,51.5173264,-0.0132575,64
2018-03-28T14:30:43.000+01:00,51.5174361,-0.0135206,64
2018-03-28T14:30:44.000+01:00,51.5174361,-0.0135206,64
2018-03-28T14:30:45.000+01:00,51.5174361,-0.0135206,64
2018-03-28T14:30:46.000+01:00,51.5174361,-0.0135206,63
2018-03-28T14:30:47.000+01:00,51.5174361,-0.0135206,64
2018-03-28T14:30:48.000+01:00,51.5174361,-0.0135206,64
2018-03-28T14:30:49.000+01:00,51.5174361,-0.0135206,64
2018-03-28T14:30:50.000+01:00,51.5174361,-0.0135206,65
2018-03-28T14:30:51.000+01:00,51.5174361,-0.0135206,63
2018-03-28T14:30:52.000+01:00,51.5174361,-0.0135206,64
2018-03-28T14:30:53.000+01:00,51.5174361,-0.0135206,63
2018-03-28T14:30:54.000+01:00,51.5174361,-0.0135206,64
2018-03-28T14:30:55.000+01:00,51.5174361,-0.0135206,64
2018-03-28T14:30:56.000+01:00,51.5174361,-0.0135206,64
2018-03-28T14:30:57.000+01:00,51.5174361,-0.0135206,64
2018-03-28T14:30:58.000+01:00,51.5174361,-0.0135206,64
2018-03-28T14:30:59.000+01:00,51.5174361,-0.0135206,63
2018-03-28T14:31:00.000+01:00,51.5174361,-0.0135206,63
2018-03-28T14:31:01.000+01:00,51.5174361,-0.0135206,63
2018-03-28T14:31:02.000+01:00,51.5174361,-0.0135206,63
2018-03-28T14:31:03.000+01:00,51.5174401,-0.0133654,64
2018-03-28T14:31:04.000+01:00,51.5174401,-0.0133654,63
2018-03-28T14:31:05.000+01:00,51.5174401,-0.0133654,64
2018-03-28T14:31:06.000+01:00,51.5174401,-0.0133654,64
2018-03-28T14:31:07.000+01:00,51.5174401,-0.0133654,63
2018-03-28T14:31:08.000+01:00,51.5174401,-0.0133654,63
2018-03-28T14:31:09.000+01:00,51.5174401,-0.0133654,64
2018-03-28T14:31:10.000+01:00,51.5174401,-0.0133654,64
2018-03-28T14:31:11.000+01:00,51.5174401,-0.0133654,63
2018-03-28T14:31:12.000+01:00,51.5174401,-0.0133654,63
2018-03-28T14:31:13.000+01:00,51.5174401,-0.0133654,64
2018-03-28T14:31:14.000+01:00,51.5174401,-0.0133654,64
2018-03-28T14:31:15.000+01:00,51.5174401,-0.0133654,63
2018-03-28T14:31:16.000+01:00,51.5174401,-0.0133654,63
2018-03-28T14:31:17.000+01:00,51.5174401,-0.0133654,63
2018-03-28T14:31:18.000+01:00,51.5174401,-0.0133654,63
2018-03-28T14:31:19.000+01:00,51.5174401,-0.0133654,64
2018-03-28T14:31:20.000+01:00,51.5174401,-0.0133654,64
2018-03-28T14:31:21.000+01:00,51.5174401,-0.0133654,63
2018-03-28T14:31:22.000+01:00,51.5174401,-0.0133654,63
2018-03-28T14:31:23.000+01:00,51.5174393,-0.0133457,63
2018-03-28T14:31:24.000+01:00,51.5174393,-0.0133457,63
2018-03-28T14:31:25.000+01:00,51.5174393,-0.0133457,64
2018-03-28T14:31:26.000+01:00,51.5174393,-0.0133457,63
2018-03-28T14:31:27.000+01:00,51.5174393,-0.0133457,63
2018-03-28T14:31:28.000+01:00,51.5174393,-0.0133457,64
2018-03-28T14:31:29.000+01:00,51.5174393,-0.0133457,63
2018-03-28T14:31:30.000+01:00,51.5174393,-0.0133457,64
2018-03-28T14:31:31.000+01:00,51.5174393,-0.0133457,63
2018-03-28T14:31:32.000+01:00,51.5174393,-0.0133457,63
2018-03-28T14:31:33.000+01:00,51.5174393,-0.0133457,63
2018-03-28T14:31:34.000+01:00,51.5174393,-0.0133457,65
2018-03-28T14:31:35.000+01:00,51.5174393,-0.0133457,63
2018-03-28T14:31:36.000+01:00,51.5174393,-0.0133457,64
2018-03-28T14:31:37.000+01:00,51.5174393,-0.0133457,64
2018-03-28T14:31:38.000+01:00,51.5174393,-0.0133457,63
2018-03-28T14:31:39.000+01:00,51.5174393,-0.0133457,63
2018-03-28T14:31:40.000+01:00,51.5174393,-0.0133457,64
2018-03-28T14:31:41.000+01:00,51.5174393,-0.0133457,63
2018-03-28T14:31:42.000+01:00,51.5174393,-0.0133457,64
2018-03-28T14:31:43.000+01:00,51.5175093,-0.0134787,63
2018-03-28T14:31:44.000+01:00,51.5175093,-0.0134787,63
2018-03-28T14:31:45.000+01:00,51.5175093,-0.0134787,63
2018-03-28T14:31:46.000+01:00,51.5175093,-0.0134787,63
2018-03-28T14:31:47.000+01:00,51.5175093,-0.0134787,63
2018-03-28T14:31:48.000+01:00,51.5175093,-0.0134787,63
2018-03-28T14:31:49.000+01:00,51.5175093,-0.0134787,63
2018-03-28T14:31:50.000+01:00,51.5175093,-0.0134787,64
2018-03-28T14:31:51.000+01:00,51.5175093,-0.0134787,64
2018-03-28T14:31:52.000+01:00,51.5175093,-0.0134787,63
2018-03-28T14:31:53.000+01:00,51.5175093,-0.0134787,63
2018-03-28T14:31:54.000+01:00,51.5175093,-0.0134787,63
2018-03-28T14:31:55.000+01:00,51.5175093,-0.0134787,63
2018-03-28T14:31:56.000+01:00,51.5175093,-0.0134787,63
2018-03-28T14:31:57.000+01:00,51.5175093,-0.0134787,64
2018-03-28T14:31:58.000+01:00,51.5175093,-0.0134787,63
2018-03-28T14:31:59.000+01:00,51.5175093,-0.0134787,64
2018-03-28T14:32:00.000+01:00,51.5175093,-0.0134787,64
2018-03-28T14:32:01.000+01:00,51.5175093,-0.0134787,64
2018-03-28T14:32:02.000+01:00,51.5175093,-0.0134787,63
2018-03-28T14:32:03.000+01:00,51.5175255,-0.0135035,63
2018-03-28T14:32:04.000+01:00,51.5175255,-0.0135035,64
2018-03-28T14:32:05.000+01:00,51.5175255,-0.0135035,64
2018-03-28T14:32:06.000+01:00,51.5175255,-0.0135035,63
2018-03-28T14:32:07.000+01:00,51.5175255,-0.0135035,63
2018-03-28T14:32:08.000+01:00,51.5175255,-0.0135035,63
2018-03-28T14:32:09.000+01:00,51.5175255,-0.0135035,64
2018-03-28T14:32:10.000+01:00,51.5175255,-0.0135035,63
2018-03-28T14:32:11.000+01:00,51.5175255,-0.0135035,64
2018-03-28T14:32:12.000+01:00,51.5175255,-0.0135035,64
2018-03-28T14:32:13.000+01:00,51.5175255,-0.0135035,63
2018-03-28T14:32:14.000+01:00,51.5175255,-0.0135035,63
2018-03-28T14:32:15.000+01:00,51.5175255,-0.0135035,63
2018-03-28T14:32:16.000+01:00,51.5175255,-0.0135035,63
2018-03-28T14:32:17.000+01:00,51.5175255,-0.0135035,63
2018-03-28T14:32:18.000+01:00,51.5175255,-0.0135035,63
2018-03-28T14:32:19.000+01:00,51.5175255,-0.0135035,63
2018-03-28T14:32:20.000+01:00,51.5175255,-0.0135035,63
2018-03-28T14:32:21.000+01:00,51.5175255,-0.0135035,63
2018-03-28T14:32:22.000+01:00,51.5175255,-0.0135035,64
2018-03-28T14:32:23.000+01:00,51.5177954,-0.0139325,63
2018-03-28T14:32:24.000+01:00,51.5177954,-0.0139325,63
2018-03-28T14:32:25.000+01:00,51.5177954,-0.0139325,64
2018-03-28T14:32:26.000+01:00,51.5177954,-0.0139325,63
2018-03-28T14:32:27.000+01:00,51.5177954,-0.0139325,63
2018-03-28T14:32:28.000+01:00,51.5177954,-0.0139325,63
2018-03-28T14:32:29.000+01:00,51.5177954,-0.0139325,64
2018-03-28T14:32:30.000+01:00,51.5177954,-0.0139325,63
2018-03-28T14:32:31.000+01:00,51.5177954,-0.0139325,63
2018-03-28T14:32:32.000+01:00,51.5177954,-0.0139325,63
2018-03-28T14:32:33.000+01:00,51.5177954,-0.0139325,63
2018-03-28T14:32:34.000+01:00,51.5177954,-0.0139325,63
2018-03-28T14:32:35.000+01:00,51.5177954,-0.0139325,63
2018-03-28T14:32:36.000+01:00,51.5177954,-0.0139325,63
2018-03-28T14:32:37.000+01:00,51.5177954,-0.0139325,63
2018-03-28T14:32:38.000+01:00,51.5177954,-0.0139325,63
2018-03-28T14:32:39.000+01:00,51.5177954,-0.0139325,63
2018-03-28T14:32:40.000+01:00,51.5177954,-0.0139325,63
2018-03-28T14:32:41.000+01:00,51.5177954,-0.0139325,63
2018-03-28T14:32:42.000+01:00,51.5177954,-0.0139325,63
2018-03-28T14:32:43.000+01:00,51.5181203,-0.0141001,63
2018-03-28T14:32:44.000+01:00,51.5181203,-0.0141001,63
2018-03-28T14:32:45.000+01:00,51.5181203,-0.0141001,63
2018-03-28T14:32:46.000+01:00,51.5181203,-0.0141001,63
2018-03-28T14:32:47.000+01:00,51.5181203,-0.0141001,63
2018-03-28T14:32:48.000+01:00,51.5181203,-0.0141001,63
2018-03-28T14:32:49.000+01:00,51.5181203,-0.0141001,63
2018-03-28T14:32:50.000+01:00,51.5181203,-0.0141001,63
2018-03-28T14:32:51.000+01:00,51.5181203,-0.0141001,63
2018-03-28T14:32:52.000+01:00,51.5181203,-0.0141001,63
2018-03-28T14:32:53.000+01:00,51.5181203,-0.0141001,64
2018-03-28T14:32:54.000+01:00,51.5181203,-0.0141001,63
2018-03-28T14:32:55.000+01:00,51.5181203,-0.0141001,63
2018-03-28T14:32:56.000+01:00,51.5181203,-0.0141001,63
2018-03-28T14:32:57.000+01:00,51.5181203,-0.0141001,63
2018-03-28T14:32:58.000+01:00,51.5181203,-0.0141001,63
2018-03-28T14:32:59.000+01:00,51.5181203,-0.0141001,63
2018-03-28T14:33:00.000+01:00,51.5181203,-0.0141001,63
2018-03-28T14:33:01.000+01:00,51.5181203,-0.0141001,63
2018-03-28T14:33:02.000+01:00,51.5181203,-0.0141001,63
2018-03-28T14:33:03.000+01:00,51.5185681,-0.0141581,63
2018-03-28T14:33:04.000+01:00,51.5185681,-0.0141581,63
2018-03-28T14:33:05.000+01:00,51.5185681,-0.0141581,63
2018-03-28T14:33:06.000+01:00,51.5185681,-0.0141581,63
2018-03-28T14:33:07.000+01:00,51.5185681,-0.0141581,63
2018-03-28T14:33:08.000+01:00,51.5185681,-0.0141581,63
2018-03-28T14:33:09.000+01:00,51.5185681,-0.0141581,63
2018-03-28T14:33:10.000+01:00,51.5185681,-0.0141581,63
2018-03-28T14:33:11.000+01:00,51.5185681,-0.0141581,63
2018-03-28T14:33:12.000+01:00,51.5185681,-0.0141581,63
2018-03-28T14:33:13.000+01:00,51.5185681,-0.0141581,63
2018-03-28T14:33:14.000+01:00,51.5185681,-0.0141581,63
2018-03-28T14:33:15.000+01:00,51.5185681,-0.0141581,63
2018-03-28T14:33:16.000+01:00,51.5185681,-0.0141581,64
2018-03-28T14:33:17.000+01:00,51.5185681,-0.0141581,63
2018-03-28T14:33:18.000+01:00,51.5185681,-0.0141581,63
2018-03-28T14:33:19.000+01:00,51.5185681,-0.0141581,63
2018-03-28T14:33:20.000+01:00,51.5185681,-0.0141581,63
2018-03-28T14:33:21.000+01:00,51.5185681,-0.0141581,63
2018-03-28T14:33:22.000+01:00,51.5185681,-0.0141581,63
2018-03-28T14:33:23.000+01:00,51.5185737,-0.0141514,63
2018-03-28T14:33:24.000+01:00,51.5185737,-0.0141514,63
2018-03-28T14:33:25.000+01:00,51.5185737,-0.0141514,63
2018-03-28T14:33:26.000+01:00,51.5185737,-0.0141514,63
2018-03-28T14:33:27.000+01:00,51.5185737,-0.0141514,63
2018-03-28T14:33:28.000+01:00,51.5185737,-0.0141514,63
2018-03-28T14:33:29.000+01:00,51.5185737,-0.0141514,63
2018-03-28T14:33:30.000+01:00,51.5185737,-0.0141514,63
2018-03-28T14:33:31.000+01:00,51.5185737,-0.0141514,63
2018-03-28T14:33:32.000+01:00,51.5185737,-0.0141514,63
2018-03-28T14:33:33.000+01:00,51.5185737,-0.0141514,63
2018-03-28T14:33:34.000+01:00,51.5185737,-0.0141514,63
2018-03-28T14:33:35.000+01:00,51.5185737,-0.0141514,63
2018-03-28T14:33:36.000+01:00,51.5185737,-0.0141514,63
2018-03-28T14:33:37.000+01:00,51.5185737,-0.0141514,63
2018-03-28T14:33:38.000+01:00,51.5185737,-0.0141514,63
2018-03-28T14:33:39.000+01:00,51.5185737,-0.0141514,63
2018-03-28T14:33:40.000+01:00,51.5185737,-0.0141514,63
2018-03-28T14:33:41.000+01:00,51.5185737,-0.0141514,63
2018-03-28T14:33:42.000+01:00,51.5185737,-0.0141514,63
2018-03-28T14:33:43.000+01:00,51.5186063,-0.0127986,63
2018-03-28T14:33:44.000+01:00,51.5186063,-0.0127986,63
2018-03-28T14:33:45.000+01:00,51.5186063,-0.0127986,63
2018-03-28T14:33:46.000+01:00,51.5186063,-0.0127986,63
2018-03-28T14:33:47.000+01:00,51.5186063,-0.0127986,63
2018-03-28T14:33:48.000+01:00,51.5186063,-0.0127986,63
2018-03-28T14:33:49.000+01:00,51.5186063,-0.0127986,63
2018-03-28T14:33:50.000+01:00,51.5186063,-0.0127986,63
2018-03-28T14:33:51.000+01:00,51.5186063,-0.0127986,63
2018-03-28T14:33:52.000+01:00,51.5186063,-0.0127986,63
2018-03-28T14:33:53.000+01:00,51.5186063,-0.0127986,63
2018-03-28T14:33:54.000+01:00,51.5186063,-0.0127986,63
2018-03-28T14:33:55.000+01:00,51.5186063,-0.0127986,63
2018-03-28T14:33:56.000+01:00,51.5186063,-0.0127986,63
2018-03-28T14:33:57.000+01:00,51.5186063,-0.0127986,63
2018-03-28T14:33:58.000+01:00,51.5186063,-0.0127986,63
2018-03-28T14:33:59.000+01:00,51.5186063,-0.0127986,63
2018-03-28T14:34:00.000+01:00,51.5186063,-0.0127986,63
2018-03-28T14:34:02.000+01:00,51.5186063,-0.0127986,63
2018-03-28T14:34:02.000+01:00,51.5186063,-0.0127986,63
2018-03-28T14:34:03.000+01:00,51.5185737,-0.0132718,63
2018-03-28T14:34:04.000+01:00,51.5185737,-0.0132718,63
2018-03-28T14:34:05.000+01:00,51.5185737,-0.0132718,63
2018-03-28T14:34:06.000+01:00,51.5185737,-0.0132718,63
2018-03-28T14:34:07.000+01:00,51.5185737,-0.0132718,63
2018-03-28T14:34:08.000+01:00,51.5185737,-0.0132718,63
2018-03-28T14:34:09.000+01:00,51.5185737,-0.0132718,63
2018-03-28T14:34:10.000+01:00,51.5185737,-0.0132718,63
2018-03-28T14:34:11.000+01:00,51.5185737,-0.0132718,63
2018-03-28T14:34:12.000+01:00,51.5185737,-0.0132718,63
2018-03-28T14:34:13.000+01:00,51.5185737,-0.0132718,63
2018-03-28T14:34:14.000+01:00,51.5185737,-0.0132718,63
2018-03-28T14:34:15.000+01:00,51.5185737,-0.0132718,63
2018-03-28T14:34:16.000+01:00,51.5185737,-0.0132718,63
2018-03-28T14:34:17.000+01:00,51.5185737,-0.0132718,63
2018-03-28T14:34:18.000+01:00,51.5185737,-0.0132718,63
2018-03-28T14:34:19.000+01:00,51.5185737,-0.0132718,63
2018-03-28T14:34:20.000+01:00,51.5185737,-0.0132718,63
2018-03-28T14:34:21.000+01:00,51.5185737,-0.0132718,63
2018-03-28T14:34:22.000+01:00,51.5185737,-0.0132718,63
2018-03-28T14:34:23.000+01:00,51.5185737,-0.0132718,63
2018-03-28T14:34:24.000+01:00,51.5187113,-0.0134686,63
2018-03-28T14:34:25.000+01:00,51.5187113,-0.0134686,63
2018-03-28T14:34:26.000+01:00,51.5187113,-0.0134686,63
2018-03-28T14:34:27.000+01:00,51.5187113,-0.0134686,63
2018-03-28T14:34:28.000+01:00,51.5187113,-0.0134686,63
2018-03-28T14:34:29.000+01:00,51.5187113,-0.0134686,63
2018-03-28T14:34:30.000+01:00,51.5187113,-0.0134686,63
2018-03-28T14:34:31.000+01:00,51.5187113,-0.0134686,63
2018-03-28T14:34:32.000+01:00,51.5187113,-0.0134686,63
2018-03-28T14:34:33.000+01:00,51.5187113,-0.0134686,63
2018-03-28T14:34:34.000+01:00,51.5187113,-0.0134686,63
2018-03-28T14:34:35.000+01:00,51.5187113,-0.0134686,63
2018-03-28T14:34:36.000+01:00,51.5187113,-0.0134686,63
2018-03-28T14:34:37.000+01:00,51.5187113,-0.0134686,63
2018-03-28T14:34:38.000+01:00,51.5187113,-0.0134686,63
2018-03-28T14:34:39.000+01:00,51.5187113,-0.0134686,63
2018-03-28T14:34:40.000+01:00,51.5187113,-0.0134686,63
2018-03-28T14:34:42.000+01:00,51.5187113,-0.0134686,63
2018-03-28T14:34:42.000+01:00,51.5187113,-0.0134686,63
2018-03-28T14:34:43.000+01:00,51.5187113,-0.0134686,63
2018-03-28T14:34:44.000+01:00,51.5187113,-0.0134686,63
2018-03-28T14:34:46.000+01:00,51.5187113,-0.0134686,63
2018-03-28T14:34:46.000+01:00,51.5187113,-0.0134686,63
2018-03-28T14:34:47.000+01:00,51.5187113,-0.0134686,63
2018-03-28T14:34:48.000+01:00,51.5187113,-0.0134686,64
2018-03-28T14:34:49.000+01:00,51.5187113,-0.0134686,63
2018-03-28T14:34:50.000+01:00,51.5187113,-0.0134686,63
2018-03-28T14:34:51.000+01:00,51.5187113,-0.0134686,63
2018-03-28T14:34:52.000+01:00,51.5187113,-0.0134686,63
2018-03-28T14:34:53.000+01:00,51.5187113,-0.0134686,63